Date,User,Message
2022-01-18 11:05:20,"우기","우기님이 들어왔습니다."
2022-01-18 11:06:31,"우기","우기님이 나갔습니다."
2022-01-19 10:13:33,"아티","질문이 있는데 사이트 들어갔을때 인트로처럼 특정 화면 먼저 보여준다음 메인페이지 나타나게 하려면 어떤식으로 해야하는지 아시는 분 계신가요.. 검색하니까 자꾸 로딩만 떠서 ㅜㅜ"
2022-01-19 10:21:15,"30웹","인트로 화면 그냥 보여만 주고 바로 메인화면으로 가는건가요???"
2022-01-19 10:22:30,"30웹","인트로 ㅗ화면을 클릭을 이벤트를 발생시키면 메인화면으로 넘기는 경우가 있고 그게 아니라 시간이 기준으로 넘기는 것도 있어서,..."
2022-01-19 10:23:48,"아티","네네 좀 시선 잡는 용도처럼요! 클릭은 어떻게하면 될지 감이 잡히는데 시간은 모르겠어서 ㅠ 셋타임아웃 그걸로 하면 되나요,,?"
2022-01-19 10:24:50,"30웹","https://webisfree.com/2014-04-08/[javascript]-%EC%8B%9C%EA%B0%84-%EC%A7%80%EC%97%B0-%ED%95%A8%EC%88%98-%EC%9D%BC%EC%A0%95-%EC%8B%9C%EA%B0%84-%EB%92%A4-%EC%8B%A4%ED%96%89%EC%8B%9C%ED%82%A4%EA%B8%B0-settimeout()-%7B%7D"
2022-01-19 10:25:45,"30웹","3초를 설정하는 기준이 시간이 필요하실텐데.. 저는 세션에 설정한 후에 3초를 넣는방식을 사용합니다."
2022-01-19 10:27:26,"아티","아 인트로로 사용할 부분 먼저 떠있게 하고 보여줄 컨텐츠를 셋타임아웃 설정하라는 말씀이신거죠?"
2022-01-19 10:27:40,"30웹","인트로 화면 띄움 -->ajax로 자바에게 세션 설정 및 시간 설정 -->자바스크립트단에서 set타임 으로 스크립트 함수 실행"
2022-01-19 10:27:45,"30웹","저는 이렇게 할거 같아요"
2022-01-19 10:28:56,"아티","오우 생각보다 어렵네용.. 답변 감사합니다ㅎㅎㅎㅎ"
2022-01-19 10:28:57,"30웹","아니면 인증번호 유효시간 관련 예제를 보고것도 좋을거 같습니다. "
2022-01-19 10:29:22,"30웹","타이머 관련 예제를 사용하는거 같아서 좋을거 같네요"
2022-01-19 10:29:38,"아티","오 네네 참고해볼게요! 감사합니다!"
2022-01-19 10:29:41,"30웹","넵"
2022-01-19 13:48:47,"희표/시지","혹시 코테문제 같이 풀어보실분 계신가요"
2022-01-19 13:48:51,"희표/시지","https://programmers.co.kr/learn/courses/30/lessons/92343"
2022-01-19 13:49:21,"희표/시지","이거 로직잡기가 애매하네요"
2022-01-19 13:51:33,"30웹","저 한번 해보겠습니다.ㅎㅎ 로직공부하기 좋은거 같네요 ㅎㅎ"
2022-01-19 13:52:05,"희표/시지","혹시 푸셨으면 해설좀 같이 공유부탁드립니다"
2022-01-19 13:52:24,"30웹","넵 저도 부탁드립니다.ㅎㅎ "
2022-01-19 18:52:14,"zidol","신입 3일만에 런했네요..ㅠㅠ"
2022-01-19 18:52:46,"초롱초롱 튜브","대구인가요?"
2022-01-19 18:53:06,"희표/시지","뭐가 마음에 안드셨나요"
2022-01-19 18:53:11,"zidol","네..ㅠㅠ"
2022-01-19 18:53:57,"zidol","글쎄요 저도 잘모르겠네요..이런저런 말을 하지만 3일 출근하면서 단한명도 퇴근을 안하는걸 봐서 그런거 같은느낌이드네요...ㅋㅋ"
2022-01-19 18:56:51,"초롱초롱 튜브","개발자 특성상 야근을 하죠 ㅠ"
2022-01-19 18:57:04,"초롱초롱 튜브","프로젝트 기간에 투입되었나보네여"
2022-01-19 18:57:28,"초롱초롱 튜브","저도 취준생이지만 가스라이팅만 안 하면 회사 잘 다닐 듯해여"
2022-01-19 18:57:39,"초롱초롱 튜브","저는 사람이 문제라서"
2022-01-19 18:58:34,"코딩여우","ㅎ.. 저는 첫출근날에 출장가서 타지갔다가 밤 11시에 집에 돌아왔습니다 ㅋㅋ 그리고 일주일간 그짓을 했네요 사무실 데스크에는 일주일뒤에나 앉을 수가 있었던.."
2022-01-19 18:58:40,"코딩여우","욕보셨네요"
2022-01-19 18:59:00,"zidol","지금 다닌 회사 3년차인데..2년동안 연차한번못썼었네요;;"
2022-01-19 18:59:30,"zidol","사실 저도 이직 하려고 맘먹은 상태지만...ㅎㅎ;"
2022-01-19 19:00:32,"zidol","저랑 비슷한..전 한달간 타지 시청에 조사한답시고 델고 가더라구요 ㅋㅋ"
2022-01-19 21:13:41,"개발을 꿈꾸다","실례가 아니면
연봉은 어느정도인지 알수 있나요?"
2022-01-19 21:16:32,"노바","전 3500이욬ㅋ"
2022-01-19 21:16:47,"노바","근데 개발자를 왜 하려는지가 중요해요"
2022-01-19 21:17:08,"노바","연봉따질거먄 현장을 가는게 더 돈을 많이 받잖아요"
2022-01-19 21:31:03,"zidol","2900요 여름에 재계약하는데"
2022-01-19 21:31:49,"zidol","이직해서 올리는게 나을거 같아요.."
2022-01-19 21:53:46,"김남수","요거 줌같은거로 같이 보면 좋을ㄹ듯 한데요.. 주말에 시간 되시면.."
2022-01-20 00:19:46,"업텐션","업텐션님이 들어왔습니다."
2022-01-20 14:01:05,"코딩여우","일단 현재 위치에서 가능한 양을 다 가져온 다음 차례대로 늑대를 하나씩 방문하면됩니다. DFS방식으로요
1. 현재 가능한 양을 전부 가져온다
2. 남은 node를 후보노드에 넣는다 (남은 node는 늑대밖에 없다)
3. 후보 노드 중 하나를 선택한다
4. 1번으로 돌아간다
반복하면서 양이 최대일때를 반환하면 됩니다"
2022-01-20 14:03:40,"건배하는 프로도","건배하는 프로도님이 들어왔습니다."
2022-01-20 14:04:01,"건배하는 프로도","반가워요!"
2022-01-20 14:05:36,"리니","어서오세욤"
2022-01-20 14:12:18,"건배하는 프로도","잘부탁드려요!"
2022-01-20 15:13:26,"희표/시지","푸셔서 제출하셨나요?"
2022-01-20 15:13:38,"코딩여우","네"
2022-01-20 15:16:33,"희표/시지","카카오 해설보고 그대로 구현하면서 하나하나 로그찍어보면서 하는데 머리터지겠네요"
2022-01-20 15:16:43,"희표/시지","current: 0
node: 1, visitableNodes: [1, 8] test: 0
current: 1
node: 8, visitableNodes: [8, 0, 2, 4] test: 0
current: 8
node: 0, visitableNodes: [0, 2, 4, 0, 7, 9] test: 0
current: 0
node: 2, visitableNodes: [2, 4, 0, 7, 9, 1, 8] test: 0
current: 2
node: 4, visitableNodes: [4, 0, 7, 9, 1, 8, 1] test: 0
current: 4
node: 7, visitableNodes: [4, 0, 7, 9, 1, 8, 1] test: 2
current: 7
node: 9, visitableNodes: [4, 0, 9, 1, 8, 1, 8] test: 2
current: 9
node: 10, visitableNodes: [4, 0, 1, 8, 1, 8, 10, 11, 8] test: 6
current: 10
node: 11, visitableNodes: [4, 0, 1, 8, 1, 8, 11, 8, 9] test: 6
current: 11"
2022-01-20 15:16:51,"희표/시지","ㅋㅋ"
2022-01-20 15:17:22,"희표/시지","second: [1, 8], child: 1 [0, 2, 4, 8]
second: [0, 2, 4, 8], child: 2 [1, 0, 4, 8]
second: [1, 0, 4, 8], child: 4 [1, 3, 6, 0, 8]
second: [1, 3, 6, 0, 8], child: 3 [4, 1, 6, 0, 8]
second: [4, 1, 6, 0, 8], child: 6 [5, 4, 1, 0, 8]
second: [5, 4, 1, 0, 8], child: 5 [6, 4, 1, 0, 8]
second: [6, 4, 1, 0, 8], child: 8 [0, 7, 9, 6, 4, 1]
second: [0, 7, 9, 6, 4, 1], child: 7 [8, 0, 9, 6, 4, 1]
second: [8, 0, 9, 6, 4, 1], child: 9 [10, 11, 8, 0, 6, 4, 1]
second: [10, 11, 8, 0, 6, 4, 1], child: 10 [9, 11, 8, 0, 6, 4, 1]
second: [9, 11, 8, 0, 6, 4, 1], child: 11 [9, 8, 0, 6, 4, 1]"
2022-01-20 15:17:31,"희표/시지","머리 아프네요"
2022-01-21 15:05:11,"긍정승정","이번주 주말 모각코 하나용?"
2022-01-21 15:55:52,"희표/시지","누가 하나 나서서 모임하자고 하지 않으면 안할거 같습니다"
2022-01-21 15:56:05,"긍정승정","넵!"
2022-01-21 15:56:08,"긍정승정","내일 하실분 계신가용"
2022-01-21 20:32:35,"안뇽","궁금한게 있는데"
2022-01-21 20:32:48,"안뇽","서버랑 html 또는 pug랑 연동시키고"
2022-01-21 20:32:55,"안뇽","시켯을 대"
2022-01-21 20:33:07,"안뇽","웹팩 사용안하고 css적용할 수 있는 방법있나요??"
2022-01-21 20:33:20,"안뇽","뭐… h1(style=""color:red;"") home"
2022-01-21 20:33:25,"안뇽","d이런식으로말고"
2022-01-21 20:33:34,"안뇽","head 태그 안에서"
2022-01-21 20:33:36,"안뇽","style"
2022-01-21 20:33:48,"안뇽","주고 뭐.. h1{color:red} 이런식으루…"
2022-01-21 20:33:52,"안뇽","제가 해봤는데 안되길래요 ㅠㅠ"
2022-01-21 22:23:16,"라이언","안될 이유가없을것같은데..
브라우저 개발자도구에서 element탭에 그 css 잘 적용되어있는지 확인해보세요 문법틀리셨을 것 같아요"
2022-01-21 22:23:28,"라이언","여기도 일단 ; 빠져있구요"
2022-01-21 22:38:31,"안뇽","아 ; 이건 제가 휴대폰으로 치다보니깐 오타난건데 저거꺼지 다 했는데..인터넷 보고 해봤는데 아직답이 안나오네요 ㅠㅠ"
2022-01-21 22:39:23,"라이언","그 html파일 올려주시면 봐드릴게요!"
2022-01-21 22:40:31,"안뇽","아"
2022-01-21 22:40:38,"안뇽","Html 아니고 퍼그 코드입니다!"
2022-01-21 22:40:44,"안뇽","똑같은거간한데"
2022-01-21 22:40:51,"안뇽","그냥 닫아주는 태그난 없어진거에요!0"
2022-01-21 22:41:16,"안뇽","doctype html 
html(lnag=""ko"")
    head 
        title=title
        
    body 
        h1 Home Page
        block content"
2022-01-21 22:41:22,"안뇽","일단 이 부분이고"
2022-01-21 22:41:24,"안뇽","만약에여기서 제가"
2022-01-21 22:41:27,"안뇽","style 을 주나고하면"
2022-01-21 22:41:50,"안뇽","사진"
2022-01-21 22:41:57,"안뇽","이런식으로 주면 되는거 아닌가요ㅕ..?"
2022-01-21 22:42:54,"안뇽","사진"
2022-01-21 22:43:02,"라이언","아 넵 퍼그로 보내든 html로 보내든 최종적으로 웹브라우저에 html로 보여주잖아요?"
2022-01-21 22:43:04,"안뇽","그리고 페이지 보면 이런 에러가 뜨네요"
2022-01-21 22:43:09,"안뇽","네네"
2022-01-21 22:43:18,"안뇽","어쨋든 html 코드로 변환해주니깐"
2022-01-21 22:43:20,"라이언","그 웹브라우저에 뜬 html파일을 보내달라는 것 이었습니다!"
2022-01-21 22:43:20,"안뇽","달라지는건 전혀없어요"
2022-01-21 22:43:37,"라이언","거기에 적힌 스타일 문법이 틀렸을 가능성이 높아보여요"
2022-01-21 22:43:49,"안뇽","아퍼그에서 사용한"
2022-01-21 22:43:59,"안뇽","문법이라든지 그런게 틀렸을수있다는 말씀이신가요?"
2022-01-21 22:44:12,"긍정승정","웹브라우저에"
2022-01-21 22:44:13,"라이언","퍼그에서 스타일태그문법이틀렸을 수 있죠"
2022-01-21 22:44:16,"긍정승정","문법 말하시는거같은데욤"
2022-01-21 22:44:18,"라이언","어쨌든 브라우저에서"
2022-01-21 22:44:28,"라이언","개발자도구 -> 엘리먼트탭에"
2022-01-21 22:44:33,"긍정승정","두개다 올리셔서비교하시죵"
2022-01-21 22:44:39,"라이언","그 원하는 코드가 들어갔는지를 봐야"
2022-01-21 22:44:48,"라이언","어디가잘못됐는지 추측할 수있을것같아요"
2022-01-21 22:45:23,"안뇽","ㅋㅋㅋ저도 검사볼려고했지만"
2022-01-21 22:45:26,"안뇽","에러가 뜨니깐"
2022-01-21 22:45:33,"안뇽","h1 태그안에 속성이 들어갔는지를 볼수가없네여 ㅋㅋㅋ"
2022-01-21 22:45:49,"안뇽","사진"
2022-01-21 22:45:53,"안뇽","이런식으로 떠서요 ..^^;;"
2022-01-21 22:46:02,"긍정승정","오잉"
2022-01-21 22:46:30,"안뇽","Failed to load resource: the server responded with a status of 500 (Internal Server Error)"
2022-01-21 22:46:32,"안뇽","콘솔 부분보면"
2022-01-21 22:46:33,"라이언","저 에러 원인을 찾으면 되겠네요!"
2022-01-21 22:46:34,"안뇽","이런에러가떠요"
2022-01-21 22:46:41,"안뇽","리소스를 가져오는데 오류가 났다면 아래 경우의 수가 있지 않을까요.
 

 
1. 요청 url 과 리소스 매핑이 안되었다. (서버 설정)
 
2. 요청된 리소스를 가져오려는데 없다. (엉뚱한 곳에 올렸다.)
 
3. 1,2 다 잘 됐는데 권한이 없다."
2022-01-21 22:46:52,"안뇽","인터넷에 찾아봤는데..."
2022-01-21 22:46:53,"라이언","퍼그 스타일 태그 문법이 잘못됐나봐요"
2022-01-21 22:46:55,"안뇽","매핑이안된거같네요"
2022-01-21 22:47:03,"라이언","아뇨저건"
2022-01-21 22:47:17,"라이언","서버에서 퍼그를 html파일로 변환하다 에러난걸"
2022-01-21 22:47:38,"라이언","서버에서 에러처리안해서 500에러가 클라이언트한테 전달된거에요"
2022-01-21 22:48:08,"불나게 일하는 네오","프론트도 골치 아프군요..."
2022-01-21 22:48:14,"라이언","Url이 맞았으니까 저 퍼그를 html로 변환하려했겠죠"
2022-01-21 22:49:04,"라이언","https://stackoverflow.com/questions/38250336/how-can-i-add-a-style-tag-in-the-header-with-jade-pug"
2022-01-21 22:49:44,"라이언","퍼그에서 스타일 태그 추가할때 . 적어야하는 문법이있네요"
2022-01-21 22:51:09,"긍정승정","안 드 조 아,,"
2022-01-21 22:52:46,"라이언","style(type=""text/css"").
    h1 {
        color: red;
    }"
2022-01-21 22:52:56,"라이언","이렇게 한번 해보면 될 것 같아요"
2022-01-21 22:53:19,"안뇽","dk..."
2022-01-21 22:53:19,"안뇽","앗"
2022-01-21 22:53:26,"안뇽","사진"
2022-01-21 22:53:34,"안뇽","사진"
2022-01-21 22:53:37,"안뇽","ㅠㅠㅠㅠ"
2022-01-21 22:53:40,"안뇽","되네요"
2022-01-21 22:53:52,"안뇽","감사합니다 제가 찾아보는게 좀 부족했네요 ..^^;;"
2022-01-21 22:54:16,"안뇽","그럼 제가 궁금한게 있는데 일단 저럲식으로 하게되면"
2022-01-21 22:54:26,"안뇽","코드가 좀 길어지고 보기 싫을 수 있는데"
2022-01-21 22:54:42,"안뇽","그래서 웹팩을 사용해서 css랑 연동을 시켜주는거죠??"
2022-01-21 22:57:00,"라이언","html이랑 css연동하려고 웹팩을 쓰진 않아요"
2022-01-21 22:57:10,"라이언","지금은 2가지방법이있을 것 같은데"
2022-01-21 22:57:36,"라이언","1. style태그 부분은 다른 퍼그 파일로 작성해서 그 파일을 본래 파일에 import한다"
2022-01-21 22:58:03,"안뇽","dk"
2022-01-21 22:58:04,"안뇽","아 ㄴ네"
2022-01-21 22:58:08,"안뇽","방금 퍼그 공식사이트가서"
2022-01-21 22:58:09,"안뇽","차장보니깐"
2022-01-21 22:58:18,"안뇽","사진"
2022-01-21 22:58:23,"안뇽","이런식으로도 사용이 가능하네요!"
2022-01-21 22:58:34,"안뇽","아하...으음...."
2022-01-21 22:58:42,"안뇽","하…그럼 굳이 웹팩을 사용을 안해도 되긴하네요..."
2022-01-21 22:58:49,"안뇽","근데 사용하는 사람들은 왜 사용을하는지 ...으음..."
2022-01-21 22:58:52,"라이언","넵 지금 올려주신게 두번째방법입니다 대신 저렇게하면"
2022-01-21 22:58:56,"안뇽","네네"
2022-01-21 22:58:59,"불나게 일하는 네오","pug가 뭐죠 제이쿼리 같은건가요"
2022-01-21 22:59:05,"라이언","서버에서 저 css파일을 줄 수 있어야해요"
2022-01-21 22:59:17,"안뇽","아녀 템플릿엔진인데 html을 좀 더 유연하게 사용을 할 수 있게하는거에요!"
2022-01-21 22:59:21,"라이언","express쓰시면"
2022-01-21 22:59:28,"안뇽","express 사용중입니다."
2022-01-21 23:00:04,"라이언","https://m.blog.naver.com/azure0777/220469049820"
2022-01-21 23:00:13,"라이언","이거보시면서 static 폴더 설정해주시고"
2022-01-21 23:00:26,"라이언","그 안에 css파일 넣어둬야 제대로 가져갈 수 있습니다"
2022-01-21 23:03:55,"안뇽","사진"
2022-01-21 23:04:13,"안뇽","제가했는 코드랑 좀 다르던데 뭐 똑같은거 같아요"
2022-01-21 23:04:33,"안뇽","이런식으로 하면 된다는 말씀이신지"
2022-01-21 23:04:45,"불나게 일하는 네오","express 스프링이랑 비교해서 어떤가요"
2022-01-21 23:05:04,"안뇽","으음 전 아직 스프링을 해보진않았지만 전개인적으로 Node를 좋아합니다."
2022-01-21 23:05:06,"안뇽","express"
2022-01-21 23:05:11,"안뇽","괜찮아요 좋아요 저는..^^;;"
2022-01-21 23:05:19,"라이언","static 폴더 추가하는 코드를 추가하시면 돼요"
2022-01-21 23:05:30,"안뇽","근데"
2022-01-21 23:05:32,"라이언","저긴 안보이네요"
2022-01-21 23:05:36,"불나게 일하는 네오","저도 스프링 장고 밖에 안써봣는데"
2022-01-21 23:05:44,"안뇽","지금 제대로 안 넣어주었지만 그래도"
2022-01-21 23:05:46,"안뇽","실행은 잘 되는데"
2022-01-21 23:05:49,"불나게 일하는 네오","express 수요가 있나요?"
2022-01-21 23:05:54,"안뇽","넣어주면 뭐 달라지는게 있나요?"
2022-01-21 23:05:56,"불나게 일하는 네오","해외에선 1티어던데"
2022-01-21 23:05:59,"안뇽","음"
2022-01-21 23:06:05,"안뇽","지금 개발자분들한테 들은얘기인데"
2022-01-21 23:06:13,"안뇽","요즘 많이 사용을 하고 있는 추세라고 하더라구요"
2022-01-21 23:08:28,"라이언","되면 그대로 쓰시면 될 것 같아요 나중에 사진이나 정적파일 서버에서 보내줄 일 생기면 공부해보시고 추가하시면 될 것 같아요!"
2022-01-21 23:08:44,"안뇽","아"
2022-01-21 23:08:50,"불나게 일하는 네오","아 감사합니다"
2022-01-21 23:08:57,"안뇽","라이언님"
2022-01-21 23:09:06,"안뇽","그 제코드랑 방금 보내주신 코드랑 비교해보니깐"
2022-01-21 23:09:22,"안뇽","express.static….. __dirname,""public"""
2022-01-21 23:09:27,"안뇽","이렇게되어있었잖아요???"
2022-01-21 23:10:04,"안뇽","그 노드에서 npm install을 하면 pacakge에서 온걸 알 수 있어서"
2022-01-21 23:10:14,"안뇽","그 파일경로를 지정할 때 사용을 한다고한거같은데"
2022-01-21 23:10:24,"안뇽","app.set(""views"",process.cwd() + ""/src/views"");"
2022-01-21 23:10:28,"안뇽","그 부분이 이거랑 똑같은거같아요"
2022-01-21 23:11:47,"안뇽","http://daplus.net/node-js-process-cwd-와-__dirname의-차이점은-무엇입니까/"
2022-01-21 23:11:51,"라이언","저희회산 express 잘 쓰고 있는데 새 프로젝트는 스프링으로 해요 express 좋지만 개발자 수급이 어려워서.."
2022-01-21 23:12:01,"안뇽","여기에 확실한 설명을 해주었ㄴ요"
2022-01-21 23:12:11,"안뇽","그래서 제가 css파일을 만들어서 했을 때"
2022-01-21 23:12:22,"안뇽","그리고 pug파일이 잘 작동이 했는거네요"
2022-01-21 23:12:47,"불나게 일하는 네오","아 그런가요 스타트업에서는 장고 쓰는추세 아닌가요 요즘은"
2022-01-21 23:12:56,"안뇽","반환과리턴차이인거같은데"
2022-01-21 23:12:58,"안뇽","으음.."
2022-01-21 23:15:12,"라이언","이건 퍼그파일 가져올 경로 적어주는거고
static 파일 가져오려면 보내드린 걸 추가해야해요"
2022-01-21 23:15:48,"라이언","지금 css는 퍼그에서 잘해주니까 쓰시면 될 것 같은데 나중에 js파일이나 사진파일 서버에서 받아와야되면 저거 필요할거에요"
2022-01-21 23:16:48,"안뇽","아 그렇군요!!!… 라이언님 감사합니다 ㅎㅎㅎ"
2022-01-21 23:32:35,"불나게 일하는 네오","혹시 aws 잘하시는 분 계실까요"
2022-01-21 23:32:59,"불나게 일하는 네오","사진"
2022-01-21 23:33:11,"불나게 일하는 네오","갑자기 인스턴스 접속이 안되는데 왜이러지..."
2022-01-22 00:09:59,"건배하는 프로도","건배하는 프로도님이 나갔습니다."
2022-01-22 15:46:39,"긍정승정","안드로이드... 디펜던시 잘못건드렷다가"
2022-01-22 15:46:45,"긍정승정","피똥 싸고있어여... 전 글럿나봐여..."
2022-01-22 15:47:01,"긍정승정","gradle 지옥에 빠져버렷습니다..."
2022-01-22 15:50:06,"희표/시지","뭐 건드리셨나요"
2022-01-22 16:03:47,"긍정승정","오늘 좀 많이건드렷습니다,,,"
2022-01-22 16:05:41,"긍정승정","코틀린 코드를 인식을 못하네여 갑자기"
2022-01-22 16:08:13,"긍정승정","흐흐흫 전 깡통입니다"
2022-01-22 17:22:39,"긍정승정","흐흐 프로젝트 통째로 옮겨서 해결햇어여"
2022-01-22 18:17:37,"눈빛 애교 어피치","게더타운에서 얘기나하면서 공부하실분계신가요 ㅋㅋ"
2022-01-22 21:27:41,"모각","오저용"
2022-01-23 12:35:47,"S티엘","S티엘님이 들어왔습니다."
2022-01-23 12:37:05,"S티엘","안녕하세요"
2022-01-23 13:09:04,"라이언","안녕하세요!"
2022-01-23 13:11:03,"S티엘","반갑습니다"
2022-01-23 13:36:10,"긍정승정","안녕하세욤"
2022-01-25 06:52:14,"비옷입은 튜브","비옷입은 튜브님이 들어왔습니다."
2022-01-25 06:52:26,"비옷입은 튜브","비옷입은 튜브님이 나갔습니다."
2022-01-25 14:20:38,"업텐션","채팅방 관리자가 메시지를 가렸습니다."
2022-01-25 14:21:18,"희표/시지","업텐션님을 내보냈습니다."
2022-01-25 15:29:27,"희표/시지","혹시 대구말고 타지에서 일하고 계시는분 계시나요"
2022-01-25 15:38:09,"S티엘","대구는 아닌데 일은 안하고.있어요 ㅠㅠ"
2022-01-25 15:38:11,"안뇽","그 웹큐딩 항 때 자바 필수인가요????"
2022-01-25 15:38:15,"안뇽","코딩"
2022-01-25 15:38:27,"안뇽","만약이 노드로만 밀고 나간다고 했을 때 취업하기 힘들까요??"
2022-01-25 15:38:47,"희표/시지","어디에 거주중이신가요??"
2022-01-25 15:39:05,"희표/시지","저는 웹개발자는 아니지만 우리나라는 자바공화국이라는 말을 많이 합니다"
2022-01-25 15:40:10,"희표/시지","프로그래머스에서 사람들 문제 푼거 보면 자바가 압도적으로 많아요 근데 자바스크립트도 비슷하게 많습니다"
2022-01-25 15:40:43,"안뇽","아하"
2022-01-25 15:40:53,"안뇽","스타트업 쪽으로 갈렬고하는데"
2022-01-25 15:41:06,"안뇽","요즘 노드를 사용많이한하는데.."
2022-01-25 15:41:07,"초롱초롱 튜브","지방에 괜찮은 회사 있어요?"
2022-01-25 15:41:18,"안뇽","막 많이 있는거는 아닌거같아용"
2022-01-25 15:41:25,"희표/시지","스타트업은 노드 js많이 사용한다고 들었습니다"
2022-01-25 15:41:31,"초롱초롱 튜브","전공버리면 할 수 있는게 어떤 것이 있어요?"
2022-01-25 15:42:16,"초롱초롱 튜브","컴공나왔는데 마땅히 갈 곳이 없어서 계속 아이티준비하고 있는데 혼자하고 있으니 지치네요. 스터디구하기도 싫지 않고, 구해도 오래 유지가 안 되더라고요."
2022-01-25 15:43:23,"희표/시지","오래 유지 않되는것 공감합니다
근데 본인만 의지갖고 열심히하면 같이 열심히하는사람 만나게 될거 같네요"
2022-01-25 15:44:04,"초롱초롱 튜브","맞아요. 제 의지도 이상한 스터디원 만나서 회복이 안 되더라고요."
2022-01-25 15:44:23,"초롱초롱 튜브","제가 그렇게 멘탈이 강하지 않아서 ㅠㅠ 성격도 내향적이다보니"
2022-01-25 15:45:52,"극두","저는 구미에 있습니다 ㅎㅎ"
2022-01-25 15:45:55,"안뇽","으음"
2022-01-25 15:45:55,"S티엘","청도삽니다"
2022-01-25 15:46:04,"안뇽","근데 지금제가 노드사용중인게"
2022-01-25 15:46:05,"안뇽","데"
2022-01-25 15:46:06,"초롱초롱 튜브","다들 개발자세요??"
2022-01-25 15:46:07,"안뇽","프젝이"
2022-01-25 15:46:34,"초롱초롱 튜브","저는 김천에 있습니다."
2022-01-25 15:46:38,"안뇽","로그인 회원가입 정보수정 비밀번호변경 검색 사진업로드 사진삭제 등등 구현했는데.."
2022-01-25 15:46:46,"안뇽","여기서 어떤 걸 더 구현을 해야할지가 궁금하네요"
2022-01-25 15:47:20,"초롱초롱 튜브","기본적인 기능을 구현하셨네요. 프로젝트 주제에 맞게 기능 더 추가하시면 되지 않을까요?"
2022-01-25 15:47:51,"안뇽","그거에 맞기 지금 만들었는데 뭘 더 해야할즈 모르겠네요,,"
2022-01-25 15:48:02,"안뇽","만약에 좀 더 어려운걸로 한다면"
2022-01-25 15:48:09,"안뇽","어떤 것들이 있을까요?"
2022-01-25 15:48:21,"안뇽","와 요정도했으면 좀 했네? 라는정도요"
2022-01-25 15:48:26,"초롱초롱 튜브","벤치마킹해보세요."
2022-01-25 15:49:04,"초롱초롱 튜브","구글바 생성해서 검색기능이나 사진보관기능이나"
2022-01-25 15:49:06,"희표/시지","인스타그램 같이 사진으로만 보여주는 사이트인가요?"
2022-01-25 15:49:17,"안뇽","ㄹ영상도 가능합니당"
2022-01-25 15:49:31,"안뇽","검색기능도 넣었습니다"
2022-01-25 15:49:46,"안뇽","해시태그 건색하면 관련 태그들 나오게하고.."
2022-01-25 15:49:53,"안뇽","약간 인스타랑 유튜브사이라고 해야하는가 ㅠ"
2022-01-25 15:49:58,"초롱초롱 튜브","포털사이트를 연동해서 빅데이터기반으로 검색하는 기능도 괜찮아보이네요."
2022-01-25 15:50:12,"안뇽","그러큔요.."
2022-01-25 15:50:15,"안뇽","하 ㅠㅠ"
2022-01-25 15:50:20,"안뇽","근데 실력이 어는정도 되야"
2022-01-25 15:50:29,"안뇽","취업을 할 수 있을까요"
2022-01-25 15:50:41,"초롱초롱 튜브","근데 웹사이트가 다 거기서거기라서 ㅠㅠ"
2022-01-25 15:50:49,"안뇽","비슷비숫하쥬 뭐.."
2022-01-25 15:50:55,"희표/시지","신입으로 취업하실거 같은데 그냥 신입정도실력이면 되지 않을까요"
2022-01-25 15:50:57,"초롱초롱 튜브","지원하려고 하는 회사에서 요구하는 기술스택으로 기능만 잘 구현하면 취업될듯해여"
2022-01-25 15:50:58,"희표/시지","ㅎㅎ"
2022-01-25 15:51:13,"안뇽","요줌 보면 거의 결제시스템이 많던데 ㅋㅋㅋ"
2022-01-25 15:51:23,"안뇽","아 그거 api 받아와소 하는게 참 ㅋㅋ 어렵더라규요"
2022-01-25 15:51:28,"희표/시지","가입할때 인증문자 오는거 까지만 하셔도"
2022-01-25 15:51:32,"초롱초롱 튜브","네카라쿠배당토 이쪽으로 가지 않으시면 포폴만 잘 만들어도 취업이 됩니다."
2022-01-25 15:51:44,"안뇽","수타트업 생각중이긴합니다ㅔ"
2022-01-25 15:51:51,"안뇽","오우 저도 그거 상각해봤어용"
2022-01-25 15:51:52,"초롱초롱 튜브","휴대폰인증기능, 이커머스 결제기능 정도"
2022-01-25 15:52:09,"초롱초롱 튜브","카카오톡 알림기능도 있어요."
2022-01-25 15:52:18,"안뇽","카톡에서 제공해주지않아요?"
2022-01-25 15:52:35,"초롱초롱 튜브","API 땡겨쓰면 되는걸로 알아여"
2022-01-25 15:53:02,"초롱초롱 튜브","저도 포폴 만들어야 하는데 ㅋㅋ게으른 성격때문에 시작단계에서 치고나가지 못하네요."
2022-01-25 15:53:09,"초롱초롱 튜브","안뇽님은 혼자 만드시는거예요?"
2022-01-25 15:53:24,"안뇽","네"
2022-01-25 15:53:42,"안뇽","그래서 힘드네용ㅋㅋㅋㅋ"
2022-01-25 15:53:42,"안뇽","파트 나눠서 하면"
2022-01-25 15:53:50,"안뇽","수월한데 ㅠㅠ"
2022-01-25 15:54:21,"초롱초롱 튜브","저도 개인포폴 만들어야 하는데 의지가 약해서 부트캠프를 가려고 보니 비용대비해서 가성비가 나올까 고민되고 ㅋㅋ"
2022-01-25 15:54:31,"초롱초롱 튜브","국비가려고 하니 공백이 5년이 되니"
2022-01-25 15:54:46,"초롱초롱 튜브","알바하면서 인프런강의 들으면서 공부중이네요."
2022-01-25 15:55:37,"초롱초롱 튜브","안뇽님은 그러면 서울쪽으로 준비하시겠네요. 스타트업은 수도권이 많으니"
2022-01-25 15:56:40,"안뇽","넵 ㅋㅋㅋ 대구는 떡히 갈곳도없고해서"
2022-01-25 15:56:51,"안뇽","서울쪽으로 계속 서류 넣고있어요 흐흐"
2022-01-25 15:56:56,"초롱초롱 튜브","안뇽님은 전공자세요??"
2022-01-25 15:57:10,"초롱초롱 튜브","혹시 어디에서 채용공고보세요?"
2022-01-25 15:57:13,"안뇽","일본어만 능숙했으면 일본도 생각은 하는데..일어공부까지하기엔 시간이 너무 부족해서요"
2022-01-25 15:57:18,"안뇽","전공까진 아니에요ㅜ"
2022-01-25 15:57:30,"안뇽","전 드론전공입니다"
2022-01-25 15:57:33,"초롱초롱 튜브","그러면 다른 일 하시다가 개발자하시는건가요?"
2022-01-25 15:57:40,"초롱초롱 튜브","미래의 전공이네요."
2022-01-25 15:58:05,"안뇽","넵 드론회사 다니다가 그만두고 이쪽으로 공부중입다 ㅍ"
2022-01-25 15:59:23,"초롱초롱 튜브","몇년 다니다가 커리어전환하시는건가요?"
2022-01-25 16:00:16,"초롱초롱 튜브","저도 방황의 시간이 너무 많아서 ㅠㅠ지방에서 취업 준비하다가 다른 길 알아보니 전공을 버리니 마땅히 갈 곳이 없더라고요 ㅠㅠ"
2022-01-25 16:01:09,"안뇽","저 2년정도 다니고 .. 작년부터 코딩공부 시작했는데"
2022-01-25 16:01:31,"안뇽","작년 11월쯤부터 흐름 알게되고 지금은 머리짜내면서 그냥 뭐 하나 만들고있어요,,"
2022-01-25 16:01:55,"초롱초롱 튜브","그래도 완전 공백을 아니시네여"
2022-01-25 16:02:19,"초롱초롱 튜브","금방 하실 수 있을듯해여 지금 구현하시는 기능만 봐도"
2022-01-25 16:02:20,"안뇽","음ㅋㅋ그런가요 원래 어는정도하고 다들 취업하는지 잘 몰라서"
2022-01-25 16:02:24,"안뇽","전 늦었다 생각햇거든용"
2022-01-25 16:02:32,"안뇽","근데 구글링이 많아섴ㅋㅋㅋㅋ"
2022-01-25 16:02:34,"초롱초롱 튜브","나이대가 어떻게 되시는데요?"
2022-01-25 16:02:47,"안뇽","저 25 입니다,,^^;;"
2022-01-25 16:02:51,"초롱초롱 튜브","늦은것이 아니예요. 그정도는 빠르게 잘하고 있어요."
2022-01-25 16:02:54,"초롱초롱 튜브","나이도 어리시고"
2022-01-25 16:02:57,"초롱초롱 튜브","충분하네요."
2022-01-25 16:03:35,"초롱초롱 튜브","보통 학원가면 수료전까지 아무것도 못하는 학생들이 많아요."
2022-01-25 16:03:47,"안뇽","저도 지금 수업듣고있는데"
2022-01-25 16:04:12,"초롱초롱 튜브","코딩은 이론으로 공부하는게 아니라서"
2022-01-25 16:04:15,"초롱초롱 튜브","만들어봐야해여"
2022-01-25 16:04:17,"안뇽","그냥 음.."
2022-01-25 16:04:31,"안뇽","흐름만 알려고 학원가는건 괜찮다고 생각을해요"
2022-01-25 16:04:37,"초롱초롱 튜브","본인 속도에 맞게 지금처럼만 하시면 취업하실듯해여"
2022-01-25 16:04:48,"안뇽","근데 뭘 하나 만들려고하면"
2022-01-25 16:04:52,"안뇽","책으로 공부도 나쁘지않고"
2022-01-25 16:05:01,"초롱초롱 튜브","학원은 맛보기용이예요. 본인이 하기나름같더라고요."
2022-01-25 16:05:05,"안뇽","아니면 인강중에 좀 싼거보면서 따라해보다가"
2022-01-25 16:05:08,"안뇽","어는정도알면"
2022-01-25 16:05:10,"안뇽","그걸 이용하묜서"
2022-01-25 16:05:18,"초롱초롱 튜브","클론코딩추천드려요."
2022-01-25 16:05:21,"안뇽","제가 원하는걸 만드는게 좋다고 생각해요"
2022-01-25 16:05:27,"초롱초롱 튜브","인강 중에 클론코딩이 많아여"
2022-01-25 16:05:39,"안뇽","유명한 니코썀이있죠"
2022-01-25 16:05:57,"초롱초롱 튜브","국비학원보다 괜찮더라고요."
2022-01-25 16:06:05,"희표/시지","노머드코더요?"
2022-01-25 16:06:07,"안뇽","근데 부트부트 말 하던데"
2022-01-25 16:06:09,"안뇽","네네"
2022-01-25 16:06:10,"초롱초롱 튜브","국비학원은 정해진 커리큘럼때문에 프로젝트는 3개월후부터 해여"
2022-01-25 16:06:14,"안뇽","부트가 정확히 어떤건가요?"
2022-01-25 16:06:21,"초롱초롱 튜브","부트캠프아닌가여?"
2022-01-25 16:06:36,"안뇽","학원 앝운곳인가요?"
2022-01-25 16:06:56,"초롱초롱 튜브","유료 사설학원이예요."
2022-01-25 16:07:12,"안뇽","음 부트에 의존하는 사람들이 많아서"
2022-01-25 16:07:26,"안뇽","해본적은 없는데 그게 그렇게 좋은가 싶은 생각이들어서요,,"
2022-01-25 16:08:36,"초롱초롱 튜브","케바케예요."
2022-01-25 16:09:17,"S티엘","복불복인가요???ㄷㄷ"
2022-01-25 16:09:20,"초롱초롱 튜브","낙오자만 되지 않으면 괜찮다고 하네요. 근데 그 비용만큼 뽑아낼 수 있을지가 의문이라서여"
2022-01-25 16:09:34,"초롱초롱 튜브","내가 천만원 투자했는데 그만큼 효율이 안 나오면 힘들죠."
2022-01-25 16:09:35,"안뇽","그쵸 학원이든 오디든간에"
2022-01-25 16:09:43,"안뇽","전 혼자하는게 뭔가"
2022-01-25 16:09:46,"안뇽","자유롭게 하면서도"
2022-01-25 16:09:52,"안뇽","집중할 때 빡집중 가능해서"
2022-01-25 16:10:06,"안뇽","그리고 일단 시간이 많고 뭔가 하고싶은걸 제 맘대로 다 할 수 있어서"
2022-01-25 16:10:08,"안뇽","좋은거같아요"
2022-01-25 16:12:12,"초롱초롱 튜브","그쵸"
2022-01-25 16:12:30,"초롱초롱 튜브","국비학원을 가게 되면 선생님이 주도적으로 수업을 하기 때문에 8시간동안"
2022-01-25 16:22:51,"아티","대구에서 일하시는 분들 만족하시나여.."
2022-01-25 16:23:24,"초롱초롱 튜브","대구 면접보러 가면 연봉이 2200 ~ 2400이던데여"
2022-01-25 16:23:34,"초롱초롱 튜브","신입기준으로"
2022-01-25 16:24:10,"아티","그쵸 간간히 2700까진 있는 것 같아요"
2022-01-25 16:24:31,"초롱초롱 튜브","드물어요 ㅠ"
2022-01-25 16:25:40,"아티","제가 그 드문 케이스라서 일단 일년 존버 생각하고 있는데,, 서울 가고 싶기도 하다가 ㅠ 살기엔 대구가 좋아서 ........."
2022-01-25 16:26:11,"아티","대구도 괜찮은 회사 많이 생기길 ㅠㅠ"
2022-01-25 16:26:30,"초롱초롱 튜브","알파시티에 회사 많이 들어오지 않았어요?"
2022-01-25 16:26:46,"초롱초롱 튜브","아티님은 몇년차세요?"
2022-01-25 16:27:05,"아티","저 신입이에요 이제 2개월차?"
2022-01-25 16:27:17,"아티","알파시티 좋죠"
2022-01-25 16:27:38,"초롱초롱 튜브","자바 스프링 개발자세요?"
2022-01-25 16:28:00,"아티","아뇨 저 퍼블리셔에요"
2022-01-25 16:28:00,"초롱초롱 튜브","솔직히 일자리만 있으면 지방 살기 좋아요."
2022-01-25 16:29:27,"노바","저도 지방에서 일하고 싶은 1인,,,,"
2022-01-25 16:30:23,"아티","그쵸 존버해야겠어요 서울 로망따위 없으니 ㅎㅎ"
2022-01-25 16:30:29,"초롱초롱 튜브","저처럼 저울짓하다가 코로나터져서 공공근로 하지 마세요."
2022-01-25 16:31:12,"초롱초롱 튜브","저는 학원추천으로 회사들어가다가 회사 망하다는 이야기 듣고 공공기관협력업체 합격한 곳 들어가려고 퇴사했는데 그때 한번 거절해서 못 갔어요 ㅋㅋ"
2022-01-25 16:31:21,"초롱초롱 튜브","그래서 코로나 터져서 장기백수가 되었어요."
2022-01-25 16:31:42,"초롱초롱 튜브","공공근로하고 공공일자리, 공장알바하면서 버텄는데 요즘 우울증이 오려고 해요"
2022-01-25 16:32:05,"초롱초롱 튜브","저도 서울 갈 생각이 없어서 ㅋㅋ"
2022-01-25 16:33:07,"리니","대구에 퍼블리싱만 하는 회사 있나요?"
2022-01-25 16:33:14,"리니","저는 들어와서 디자인도하는데..ㅠ"
2022-01-25 16:33:17,"리니","부러워여"
2022-01-25 16:33:30,"아티","저도 디자인도 해요 웹만!"
2022-01-25 16:33:38,"아티","전 둘다 하고싶었어서 만족해요"
2022-01-25 16:33:45,"아티","퍼블만 하는 회사도 있는 거 같긴하더라구요"
2022-01-25 16:34:01,"리니","아 그러시구낭"
2022-01-25 16:34:08,"리니","저는 디쟌하기싫은데 하고있어가지구"
2022-01-25 16:34:14,"초롱초롱 튜브","다들 어디에서 채용공고를 그렇게 잘 찾으세요?"
2022-01-25 16:34:22,"리니","사람인이죠~!"
2022-01-25 16:34:27,"초롱초롱 튜브","저는 사람인, 잡코리아 이렇게 보는데 ㅋㅋ"
2022-01-25 16:34:30,"아티","막힐땐 디자인 하기싫긴하네요 ㅠ"
2022-01-25 16:34:34,"초롱초롱 튜브","지역은 대구로 하시는거죠?"
2022-01-25 16:34:54,"아티","저도 그렇게만 봤어요 근데 요즘 채용사이트가 다양하긴 하더라구요.."
2022-01-25 16:35:09,"리니","채용사이트 다양한데 대구는 아직,,"
2022-01-25 16:35:18,"리니","사람인이랑 잡코리아가 젤 많은것같아여"
2022-01-25 16:35:32,"초롱초롱 튜브","지방은 다른 채용사이트에서 안 나와여"
2022-01-25 16:36:01,"초롱초롱 튜브","프로그래머스, 원티드, 로켓펀치, 잡플래닛 전부 다 수도권 중심이라서"
2022-01-25 16:36:58,"S티엘","역시 웹을 해야하나....ㅎㅎ;;"
2022-01-25 16:37:33,"라이언","요즘은 재택근무하는 회사도 많아서 수도권 회사중에 재택근무하는 회사도 찾아보세요!"
2022-01-25 16:37:58,"아티","재택알바도 많은 거 같더라구요"
2022-01-25 16:38:00,"라이언","전 회사 강남에 있는데 완전 재택근무라 대구에서 일하고 있습니다"
2022-01-25 16:40:23,"초롱초롱 튜브","재택근무하는 회사는 들어가기 어렵나요?"
2022-01-25 16:40:36,"초롱초롱 튜브","어느정도 실력이 있어야 하고 준비를 해야 하나요?"
2022-01-25 16:44:11,"안뇽","하 전 지금 제가 하고있는 방향이 맞는지도 의문이네요"
2022-01-25 16:45:52,"초롱초롱 튜브","저번에 멘토링 받으니까 멘토분께서 실력이 없으니 부트캠프가서 실력부터 쌓아오시라고 추천해줬는데 그 비용내고나면 생활비가 없어서 안 갔어요 ㅠㅠ"
2022-01-25 16:48:48,"라이언","회사 들어가는 난이도는 재택근무 여부보다 연봉이 더 관련 있는 것 같아요
재택근무도 요즘은 그냥 개발자 잡아두는 복지 중 하나인 것 같아서.."
2022-01-25 16:49:57,"초롱초롱 튜브","라이언님은 어떤 준비를 하셨어요? 저도 임계점을 어떻게 넘어야 하고 어떻게 취준해야 하는지 이게 맞는지 모를 때가 많아서"
2022-01-25 16:53:27,"라이언","어떤 개발자 목표로 하시나요?? 웹 프론트 / 백 /  앱 등등 중에서요"
2022-01-25 16:53:48,"라이언","웹프론트면 말씀드릴수있는데 다른건 잘 몰라요😅"
2022-01-25 16:55:05,"초롱초롱 튜브","백엔드 준비중이예요."
2022-01-25 17:01:40,"라이언","그럼 잘 모르지만 저라면 
1. 같이 프로젝트할 팀원 구해서 팀프로젝트하기 
2. 공부했던 것 잘 정리해서 개발 블로그에 꾸준히 올리기
3. 깃헙 커밋 꾸준히 하기
4. 서류 계속 내면서 면접 연습 / 합격해서 만족할 연봉 주는 회사 나올때까지반복
할 것 같습니다"
2022-01-25 17:03:20,"라이언","부트캠프 하면 좋은게 1번이 잘 준비된다는 것 같아요 저도 부트캠프했고 추천드리지만 하기 힘들면 1만 어떻게 해결하시면 괜찮다고생각합니다"
2022-01-25 17:11:35,"화이팅","혹시 여기 제조업 종사하시는 분은"
2022-01-25 17:11:37,"화이팅","없나연"
2022-01-25 17:12:31,"희표/시지","저 제조업입니다"
2022-01-25 17:17:04,"초롱초롱 튜브","부트캠프 어떤거 하셨어요??"
2022-01-25 17:18:21,"화이팅","앗 제조업에서 어떤 직무이신가요"
2022-01-25 17:18:37,"희표/시지","sw개발합니다"
2022-01-25 17:18:43,"희표/시지","ㅎㅎ"
2022-01-25 18:16:52,"램프바바","저도 재택근무하는데 할만하네요."
2022-01-26 10:01:03,"김남수","부럽네요.. 전 항시 출근 합니다. ㅋ"
2022-01-26 10:01:59,"김남수","+1"
2022-01-26 10:04:53,"김남수","저는 요새 회사 끝나고 구미에서 각코중인데 시간되시는 분들 계시면 같이 각코 하시죠.  주로 4시부터 7시반 정도까지 하고 있습니다."
2022-01-26 10:05:34,"희표/시지","4시에 퇴근하시나요"
2022-01-26 10:08:03,"김남수","서너시쯤 하고있어요."
2022-01-26 10:09:28,"희표/시지","부럽습니다 일찍 퇴근하셔서"
2022-01-26 10:10:46,"김남수","요번주만 요렇게 하고 2월부터는 좀 늦게 가야죠..  대신 아침 6시에 출근합니다..ㅋ"
2022-01-26 10:11:24,"희표/시지","아 일찍나오셔서 일찍퇴근하시는구낭"
2022-01-26 10:14:11,"김남수","그쵸"
2022-01-26 10:18:12,"극두","구미분 반갑습니다 ㅎㅎㅎ 
휴일이면 모각코 언제든 괜찮은데 평일은 이것저것 해야할거 끝나면 9시라 어렵네요 ㅠ.ㅜ 언제쯤 카페 시간제한 풀릴지...."
2022-01-26 10:44:07,"김남수","ㅎㅎ..반가워요.  전 집은 대구라 주말엔 없네요.."
2022-01-26 10:48:50,"램프바바","열심이시네요. 대구가 아니라 아쉽습니다. ㅎㅎ"
2022-01-26 10:49:42,"초롱초롱 튜브","구미도 개발자가 있어요? 대부분 op아니면 엔지니어던데"
2022-01-26 11:04:10,"김남수","그러게요...주말에 한번 가시죠 시간되시면."
2022-01-26 11:12:33,"김남수","여기 구미도 있어요...저희 회사 부서가 여러개라, 다른 부서는 잘 모르고 저는 요새는 주로 파이썬이고 C가 20프로 정도 겠네요.... 전에 다니던 회사는 100프로 C로 개발했죠.."
2022-01-26 11:14:27,"램프바바","모각코 한번 하시죠(씨익) 시간은 최대한 맞춰보면 될듯하네요"
2022-01-26 11:17:24,"김남수","좋습니다.   토요일에 한번 가시죠... 토요일 아침에 전화 코딩 인터뷰 있는데 후기도 좀 풀고... 램프님한테 시스템 디자인 조언도 좀 듣고..ㅎㅎ"
2022-01-26 11:20:13,"초롱초롱 튜브","구미도 사람인이나 잡코리아 통해서 구했나요?"
2022-01-26 11:20:56,"램프바바","저분은 인재라 스카웃 당하셨을겁니다. ㅎㅎ"
2022-01-26 11:22:31,"김남수","인재 아니예요..ㅎㅎ 
 
전 해외 경력으로 왔어요.. 인사팀에서 linkedin으로 연락해서 오게됐네요..."
2022-01-26 11:22:48,"램프바바","요즘 바깥에 안나가보니.. 궁금한게 있는데. 3차접종 안하면 커피숍 출입이 안되나요?"
2022-01-26 11:23:33,"김남수","음....저는 3차해서...그것까지는 잘 모르겠네요."
2022-01-26 11:23:40,"안뇽","2차맞고 유효기간동안은 괜찮은데 90일인가 지나묜 못 들어갈거애요 아마.."
2022-01-26 11:24:05,"김남수","QR찍으면 접종완료 뭐라 나오긴 하던데요"
2022-01-26 11:24:21,"램프바바","앗.. 작년 10월에 맞았는데.. 커피숍은 못가는건가요 ㅜ.ㅜ"
2022-01-26 11:24:41,"김남수","아..그럼 어려울수도 있겠네요."
2022-01-26 11:25:26,"김남수","그럼 다음에 보는걸로 하시죠.. 램프님 만나면 클라우드 쪽 몇개 물어볼게 있었는데...아쉽네요.."
2022-01-26 11:26:04,"램프바바","아쉽네요. 요즘 집에서만 있다보니 필요성을 못 느꼈는데.. 맞긴 맞아야 할듯 합니다."
2022-01-26 11:26:53,"김남수","전 3일 백신휴가 나와서. 바로가서 맞았습니다..ㅋ"
2022-01-26 11:27:34,"램프바바"," 좋은 회사입니다 (최고)"
2022-01-26 11:29:48,"김남수","나쁘진 않죠.ㅎㅎ"
2022-01-26 13:35:49,"마이크를 먹는 라이언","마이크를 먹는 라이언님이 들어왔습니다."
2022-01-26 13:36:10,"마이크를 먹는 라이언","안녕하세요~"
2022-01-26 13:41:04,"30웹","안녕하세요 ㅎㅎ 반갑습니다,.ㅎㅎ"
2022-01-26 13:44:55,"마이크를 먹는 라이언","모각코 하시나용"
2022-01-26 14:03:28,"긍정승정","지금 코뤄나가"
2022-01-26 14:03:30,"긍정승정","너무 심해져서"
2022-01-26 14:03:32,"긍정승정","걱정입니다"
2022-01-26 14:09:04,"마이크를 먹는 라이언","아 그죠..맞네요"
2022-01-26 17:58:04,"덜덜","덜덜님이 들어왔습니다."
2022-01-26 20:58:26,"눈빛 애교 어피치","오늘밤 게더타운 오실분 계신가요? 있음 방파겠습니다 ㅋㅋ"
2022-01-26 20:59:12,"S티엘","프로그래밍 이야기 하는건가요???ㅎㅎ"
2022-01-26 21:00:00,"눈빛 애교 어피치","넵 그냥 할일하면서... ㅋㅋㅋㅋ"
2022-01-26 21:00:10,"S티엘","넵넵 ㅎㅎ"
2022-01-26 21:04:04,"S티엘","몇시에하나요??"
2022-01-26 21:06:39,"눈빛 애교 어피치","한 열시쯤 열어볼까합니다.. 야간 온라인모각코정도로.. ㅋㅋㅋ"
2022-01-26 21:07:02,"S티엘","그렇군요 ㅎㅎ"
2022-01-26 21:08:11,"라이언","재밌을 것 같네요!! 11시에도 하고 계시면 들어가겠습니다 ㅎㅎ"
2022-01-26 21:08:34,"눈빛 애교 어피치","넵 새벽 늦게까지합니다 오세요~~"
2022-01-26 21:15:21,"김명훈","김명훈님이 들어왔습니다."
2022-01-26 21:30:17,"초롱초롱 네오","초롱초롱 네오님이 들어왔습니다."
2022-01-26 21:31:16,"초롱초롱 네오","초롱초롱 네오님이 나갔습니다."
2022-01-26 21:57:16,"안뇽","ㅌㅋㅋ전 새벽에도 가능한데.."
2022-01-26 21:57:20,"안뇽","흐흑 아쉽네요 ㅠㅠㅠ"
2022-01-26 22:12:58,"개발을 꿈꾸다","모각코
어디로 들어가야되요?"
2022-01-26 22:13:04,"개발을 꿈꾸다","링크 부탁드려요"
2022-01-26 22:18:37,"눈빛 애교 어피치","넵 잠시만요~!"
2022-01-26 22:25:09,"눈빛 애교 어피치","gather.town/app/ONDx2fBgFQI6G06Q/How"
2022-01-26 22:25:31,"눈빛 애교 어피치","밤에 공부하시면서 심심하신분들 오시면 좋을 것 같아요 ㅎㅎ"
2022-01-27 18:15:58,"긍정승정","오 좋습니다"
2022-01-27 22:53:27,"코리니","코리니님이 들어왔습니다."
2022-01-27 22:53:31,"코리니","안녕하세요"
2022-01-27 22:53:53,"눈빛 애교 어피치","오늘도 온라인 모각코하실분 있으신가요? ㅋㅋ"
2022-01-27 22:54:03,"코리니","온라인이요?"
2022-01-27 22:58:35,"눈빛 애교 어피치","넵 그냥 각자할거하면서 얘기나하는.."
2022-01-27 23:16:54,"안뇽","오 ㅋㅋㅋ 궁금하네요"
2022-01-27 23:20:25,"눈빛 애교 어피치","두 분 괜찮으시면 방파보겠습니다~~"
2022-01-27 23:31:56,"긍정승정","저는"
2022-01-27 23:31:58,"긍정승정","마이크가안되서"
2022-01-27 23:32:01,"긍정승정","게더 타운 못하겟네여 ㅜㅜ"
2022-01-27 23:37:27,"마이크를 먹는 라이언","아 근데 궁금한데"
2022-01-27 23:37:30,"마이크를 먹는 라이언","일정이 빡빡쓰.."
2022-01-27 23:37:31,"마이크를 먹는 라이언","헝헝"
2022-01-27 23:37:35,"마이크를 먹는 라이언","다들 현업자이신가여"
2022-01-27 23:38:08,"눈빛 애교 어피치","섞여있지 않을까요 ㅎㅎ"
2022-01-27 23:42:44,"마이크를 먹는 라이언","오홍..그죠"
2022-01-27 23:44:02,"마이크를 먹는 라이언","저는 지금 타입스크립트 공부하고있어요
작년 초부터 리액트 처음 시작했는데
첨엔 재밌어서 강의보면서 공부했는데
현생산다고 공부를 많이 못해가지공..
이번에 다시 하고있어욥ㅂ
 
"
2022-01-27 23:47:25,"긍정승정","오옹 화이팅입니다!"
2022-01-28 00:07:47,"긍정승정","사진"
2022-01-28 00:08:04,"긍정승정","리액트 로드맵이에오"
2022-01-28 02:12:06,"hira","hira님이 들어왔습니다."
2022-01-28 12:15:08,"무민","무민님이 들어왔습니다."
2022-01-28 21:41:24,"쓔느님","쓔느님님이 들어왔습니다."
2022-01-29 15:44:15,"진호","진호님이 들어왔습니다."
2022-01-29 16:16:58,"긍정승정","안녕하세여"
2022-01-29 16:17:01,"긍정승정","갑자기 방이 커지네용"
2022-01-29 16:17:08,"쓔느님","이모티콘"
2022-01-29 16:17:09,"긍정승정","다들 즐거운 주말 보내고 계신가용"
2022-01-29 16:17:16,"쓔느님","넴! 반가워유!"
2022-01-29 16:17:19,"쓔느님","누워있어용"
2022-01-29 16:17:42,"진호","네 안녕하세요! 인터넷에서 게시글 보고 들어오게 되었습니다☺️ 잘 부탁드려요"
2022-01-29 16:18:01,"쓔느님","호오 무슨 게시글이었는지 귱금하쿤욤"
2022-01-29 16:18:09,"마이크를 먹는 라이언","옹 게시글이 있어용?"
2022-01-29 16:18:54,"진호","https://okky.kr/article/1131877 구글에서 '대구 스터디' 검색하니까 상위에 뜨더라구요ㅎㅎ"
2022-01-29 16:19:31,"마이크를 먹는 라이언","이모티콘"
2022-01-29 16:19:32,"마이크를 먹는 라이언","이모티콘"
2022-01-29 16:19:58,"쓔느님","간지나는 쿤요"
2022-01-29 16:20:01,"쓔느님","이모티콘"
2022-01-29 16:20:06,"쓔느님","다들 공부중이신가요?"
2022-01-29 16:20:10,"긍정승정","네,,"
2022-01-29 16:20:18,"쓔느님","어디 공부중이셔요?"
2022-01-29 16:20:24,"긍정승정","전 안드에염 흐헣"
2022-01-29 16:20:31,"긍정승정","전 깡통이에요"
2022-01-29 16:20:33,"긍정승정","흐흫"
2022-01-29 16:20:38,"긍정승정","흐헤헤"
2022-01-29 16:20:55,"쓔느님","저두 안드 배울려구 자바 책 읽기 시작했어욤.."
2022-01-29 16:21:13,"긍정승정","사진"
2022-01-29 16:21:14,"쓔느님","다들 혼자 공부중이셔유 아니면 학원같은곳 다니시나용"
2022-01-29 16:21:15,"긍정승정","오모모"
2022-01-29 16:21:17,"긍정승정","저는"
2022-01-29 16:21:21,"긍정승정","혼자에여"
2022-01-29 16:21:27,"긍정승정","전 안드인데 kotlin 써여"
2022-01-29 16:21:29,"마이크를 먹는 라이언","저두혼자 왔습니닷"
2022-01-29 16:21:30,"쓔느님","저도 인생은 혼자에염?!"
2022-01-29 16:21:34,"긍정승정","마쟈여"
2022-01-29 16:21:35,"긍정승정","크크"
2022-01-29 16:21:39,"쓔느님","이모티콘"
2022-01-29 16:21:48,"쓔느님","우왕 그렇쿤욤!!"
2022-01-29 16:21:50,"쓔느님","멋져유"
2022-01-29 16:21:59,"긍정승정","코틀린 조아여"
2022-01-29 16:22:00,"긍정승정","추천,,"
2022-01-29 16:22:02,"쓔느님","크☆"
2022-01-29 16:22:04,"긍정승정","아니면 혼자 공부하시면"
2022-01-29 16:22:07,"긍정승정","인프런이나"
2022-01-29 16:22:13,"긍정승정","유튭으로 강의 보시는것도 좋을거에옴"
2022-01-29 16:22:18,"마이크를 먹는 라이언","인프런 애플코딩"
2022-01-29 16:22:18,"쓔느님","자바 기본 알구 코틀린 배워야한다고 해서 읽고있네유..."
2022-01-29 16:22:23,"쓔느님","인프런!!! 힛"
2022-01-29 16:22:31,"쓔느님","가입했네욤 감사해용"
2022-01-29 16:22:41,"마이크를 먹는 라이언","인프런좋아여"
2022-01-29 16:22:41,"쓔느님","호오 그거 보고 계신가여?"
2022-01-29 16:22:46,"마이크를 먹는 라이언","네넨"
2022-01-29 16:22:47,"쓔느님","그 아저씨 나오는 영상 맞나여"
2022-01-29 16:22:57,"긍정승정","아조씨"
2022-01-29 16:22:57,"마이크를 먹는 라이언","아저씨라 하면"
2022-01-29 16:22:59,"쓔느님","그... 얼굴 갸름한..."
2022-01-29 16:23:00,"쓔느님","그.."
2022-01-29 16:23:04,"마이크를 먹는 라이언","노마드코딩 말씀하시는건가"
2022-01-29 16:23:05,"쓔느님","그 외쿡인이유"
2022-01-29 16:23:12,"쓔느님","앗 아니유"
2022-01-29 16:23:13,"마이크를 먹는 라이언","니콜라쓰"
2022-01-29 16:23:19,"긍정승정","아"
2022-01-29 16:23:30,"쓔느님","저두 인프런에서 애플 잠시 본적있는데 보다가 어려워서 껐어욤"
2022-01-29 16:23:32,"긍정승정","노마드 클론코딩"
2022-01-29 16:23:33,"긍정승정","근데"
2022-01-29 16:23:33,"쓔느님","이모티콘"
2022-01-29 16:23:36,"긍정승정","좀 빠르게"
2022-01-29 16:23:38,"긍정승정","넘어간다던데"
2022-01-29 16:23:53,"긍정승정","거의 기초는 다 습득한채 빠르게 클론코딩 을하는걸로 알아서요"
2022-01-29 16:24:33,"쓔느님","아앗... 그렇쿤요"
2022-01-29 16:24:44,"쓔느님","전 기초부터 배우고 있어용 ㅠ^ㅠ"
2022-01-29 16:26:10,"긍정승정","화이팅!"
2022-01-29 16:28:33,"긍정승정","앱이 너무 해줄게많아여"
2022-01-29 16:28:35,"긍정승정","이거저것.."
2022-01-29 16:28:39,"긍정승정","흐엉"
2022-01-29 16:28:57,"쓔느님","힛.. 그래도 몬가 배우는거 재밌어염"
2022-01-29 16:29:11,"쓔느님","아무것도 안하다가 간만해 공부하닌깐 기분이 촘 좋아지네유"
2022-01-29 16:29:35,"쓔느님","이모티콘"
2022-01-29 16:29:50,"긍정승정","오옹"
2022-01-29 16:29:53,"긍정승정","전 아무것도 안하면"
2022-01-29 16:29:55,"긍정승정","기분 좋은데"
2022-01-29 16:30:04,"쓔느님","앜ㅋㅋㅋㅋㅋ"
2022-01-29 16:30:08,"긍정승정","멋져요"
2022-01-29 16:30:13,"쓔느님","전 너무 오랫동안 아무것도 안했어욤..."
2022-01-29 16:30:16,"쓔느님","쭈굴"
2022-01-29 16:30:20,"쓔느님","이모티콘"
2022-01-29 16:30:49,"긍정승정","갱차나요"
2022-01-29 16:30:55,"긍정승정","정해진 길은 없습니다!"
2022-01-29 16:31:15,"쓔느님","힛"
2022-01-29 16:31:20,"긍정승정","새들도 정해진 길 없는 하늘을 날듯이 저희에게도 정해진 길은 없는법…"
2022-01-29 16:31:27,"긍정승정","크킄크크크 이제부터 하면되죠우"
2022-01-29 16:31:37,"긍정승정","이모티콘"
2022-01-29 16:35:34,"쓔느님","크☆ 넘 멋집니당!!!"
2022-01-29 16:35:41,"쓔느님","이모티콘"
2022-01-29 16:35:43,"쓔느님","이모티콘"
2022-01-29 17:02:38,"불나게 일하는 네오","궁금한게 대구에"
2022-01-29 17:02:43,"불나게 일하는 네오","개발자 일자리가 있나요?"
2022-01-29 17:02:44,"불나게 일하는 네오","ㅠㅠ"
2022-01-29 17:57:14,"zidol","a많죠 ㅎㅎ"
2022-01-29 17:57:17,"zidol","많기야.."
2022-01-29 17:58:37,"긍정승정","제가 생각하기엔"
2022-01-29 17:58:38,"긍정승정","잘,,,"
2022-01-29 18:00:11,"초롱초롱 튜브","많죠. 근데 좋은 기업에서 채용공고가 안 올라와서 그렇죠."
2022-01-29 18:00:19,"초롱초롱 튜브","찾아보면 괜찮은 곳도 있어요."
2022-01-29 18:00:34,"초롱초롱 튜브","대부분 학교추천으로 돌리는 기업도 있고"
2022-01-29 19:54:15,"파린이의모험","파린이의모험님이 들어왔습니다."
2022-01-29 19:56:41,"파린이의모험","안녕하세요 😄"
2022-01-29 20:05:06,"긍정승정","안녕하세여"
2022-01-29 20:05:11,"긍정승정","어우 집중이 잘 안되네여 ㅜㅜ"
2022-01-29 20:08:30,"파린이의모험","코딩 공부 하시나요?"
2022-01-29 20:21:45,"희표/시지","요번 연휴가 짧네요"
2022-01-29 20:22:17,"희표/시지","한 일주일 쉬었으면 스터디모임 했으면 하는데"
2022-01-29 20:40:09,"긍정승정","네.."
2022-01-29 20:40:14,"긍정승정","ㅜㅜ"
2022-01-29 20:40:22,"긍정승정","디자인이 젤 싫어야"
2022-01-29 21:34:32,"파린이의모험","다들 개발자신가봐요"
2022-01-29 21:46:34,"긍정승정","아니요"
2022-01-29 21:46:37,"긍정승정","백수에요."
2022-01-29 21:46:39,"긍정승정","크크크크크킄"
2022-01-29 21:46:52,"쓔느님","저두욤..."
2022-01-29 21:46:57,"쓔느님","백쓔"
2022-01-29 21:47:09,"안뇽","ㅋㅋㅋ근데 다들 이력서 넣을 때"
2022-01-29 21:47:18,"안뇽","기획서도 같이 포폴로해서 지원하시나요"
2022-01-29 21:50:17,"파린이의모험","ㅠㅠ"
2022-01-29 21:51:18,"파린이의모험","포폴은 음.. 기획서를 넣으면 너무 방대하지 않을까요"
2022-01-29 21:51:38,"파린이의모험","포폴은 보는 사람 입장에서 간략하고 핵심만 보여주는게 좋아요"
2022-01-29 21:52:40,"긍정승정","저뉸 그냥"
2022-01-29 21:52:43,"긍정승정","포폴 이랑"
2022-01-29 21:52:48,"긍정승정","포폴에 무슨 기술 들어갓는지 만"
2022-01-29 21:52:57,"긍정승정","넣는게좋을거가타요우"
2022-01-29 21:53:20,"긍정승정","정 중요한 비즈니스 로직 같은거나 그런거 쬐끔이랑 해서 pdf 으로 묶으면 어떨까 싶어요"
2022-01-29 21:55:34,"파린이의모험","포폴은 간략하게 5장 이내면 좋을거 같고..
깃헙이나 개인 홈피에도 준비해서
바로 보여줄 수 있으면 좋아요(보여줄 기회가 생길 수 있어요)"
2022-01-29 21:56:04,"파린이의모험","첫장은 간략한 본인 소개 겸 로드맵 보여주면 좋아할거 같습니다"
2022-01-30 20:21:49,"눈빛 애교 어피치","게더에서 개발 얘기나하면서 공부하실분 계신가요? ㅋㅋ"
2022-01-30 20:53:40,"김남수","저 지금 공부 중이요..ㅎㅎ"
2022-01-30 20:57:32,"쓔느님","공부중인데 오늘 2장했어여"
2022-01-30 20:57:47,"쓔느님","겅부할려면 몸이 좋아야지! 하고 무리해서 골골됐네유 햐"
2022-01-31 15:31:43,"긍정승정","다들 코로나조심하시구"
2022-01-31 15:31:46,"긍정승정","설 잘보내세용 호"
2022-01-31 15:33:08,"쓔느님","이모티콘"
2022-01-31 15:33:14,"쓔느님","후후훗"
2022-01-31 15:34:18,"쓔느님","오늘도 뒹굴거리다 망할까봐 카페왔어욤"
2022-01-31 15:34:35,"쓔느님","최대한 인간 없는것 왔는데 그래도 꽤 있네유 ㅠ^ㅠ"
2022-01-31 15:36:40,"긍정승정","지금 까페는"
2022-01-31 15:36:42,"긍정승정","진짜"
2022-01-31 15:36:45,"긍정승정","난리일거에여…"
2022-01-31 15:36:54,"긍정승정","아니묜 독서실도 좋아여 아늑하구"
2022-01-31 15:37:00,"쓔느님","ㅠ^ㅠ 구석 파여있는곳 왔네유.."
2022-01-31 15:37:18,"쓔느님","찐따 자리 제가 차지했습니당.. 구석진 곳.."
2022-01-31 15:37:26,"긍정승정","최곱니다 ㅋㅎㅋㅎㅋㅎㅋ"
2022-01-31 15:37:28,"쓔느님","독서실 한번두 안가봤는데 궁금해유"
2022-01-31 15:38:09,"긍정승정","지인짜"
2022-01-31 15:38:10,"긍정승정","좋아요"
2022-01-31 15:38:12,"긍정승정","아늑해요"
2022-01-31 15:38:13,"긍정승정","ㅋㅎㅋㅎㅋㅎㅋ"
2022-01-31 15:38:25,"쓔느님","호옹 다음에 도저어언!!"
2022-01-31 15:38:27,"긍정승정","정시 끝나서 고딩도없고 대학생도 종강해서"
2022-01-31 15:38:30,"긍정승정","완전 천국이에여"
2022-01-31 15:38:42,"쓔느님","호오라...! 찾아봐야겠네유"
2022-01-31 15:38:49,"쓔느님","사람들 있는곳 너무 싫어유.."
2022-01-31 15:39:01,"쓔느님","저기 또 몰려오네유 흉물스러워라..!"
2022-01-31 15:39:04,"쓔느님","이모티콘"
2022-01-31 15:39:37,"긍정승정","오모모"
2022-01-31 15:39:40,"긍정승정","이모티콘"
2022-01-31 15:39:49,"쓔느님","이모티콘"
2022-01-31 15:40:32,"늅","이모티콘"
2022-01-31 15:45:10,"쓔느님","이모티콘"
2022-01-31 15:45:17,"쓔느님","그럼.. 이만.."
2022-01-31 15:45:29,"긍정승정","저도 이만.."
2022-02-01 03:12:39,"피자 먹다 자는 무지","피자 먹다 자는 무지님이 들어왔습니다."
2022-02-01 08:49:35,"긍정승정","새해복 많이받으세요!!!"
2022-02-01 08:52:44,"쓔느님","이모티콘"
2022-02-01 08:52:54,"쓔느님","사진"
2022-02-01 09:48:36,"김남수","모두 새해 복 많이 받으세요."
2022-02-01 10:53:55,"30웹","사진 15장"
2022-02-01 11:44:08,"희표/시지","즐거운 설 보내시길"
2022-02-01 14:47:30,"A","A님이 나갔습니다."
2022-02-01 16:59:11,"비옷입은 튜브","비옷입은 튜브님이 들어왔습니다."
2022-02-01 16:59:33,"비옷입은 튜브","비옷입은 튜브님이 나갔습니다."
2022-02-02 11:05:13,"부끄러워하는 라이언","부끄러워하는 라이언님이 들어왔습니다."
2022-02-02 19:23:30,"운동하는 라이언","운동하는 라이언님이 들어왔습니다."
2022-02-03 13:24:33,"k","k님이 들어왔습니다."
2022-02-03 19:27:38,"아이스크림 든 네오","아이스크림 든 네오님이 들어왔습니다."
2022-02-03 19:38:42,"아이스크림 든 네오","아이스크림 든 네오님이 나갔습니다."
2022-02-03 22:24:05,"이재훈","이재훈님이 들어왔습니다."
2022-02-03 22:24:09,"이재훈","안녕하세요〰️"
2022-02-03 22:24:17,"이재훈","혹시 intp 이신분 계세요?"
2022-02-03 22:24:35,"쓔느님","이모티콘"
2022-02-03 22:24:54,"쓔느님","전 아니유"
2022-02-03 22:28:00,"피자 먹다 자는 무지","Infp는 있어요"
2022-02-03 22:28:21,"쓔느님","무지님이여"
2022-02-03 22:28:27,"쓔느님","구대는 인프피인가효"
2022-02-03 22:28:33,"쓔느님","이모티콘"
2022-02-03 22:29:47,"안뇽","저 질문이 잇는데"
2022-02-03 22:29:51,"안뇽","질문해도 괜찮을까요 ㅠㅠㅠ"
2022-02-03 22:30:03,"쓔느님","이모티콘"
2022-02-03 22:30:12,"안뇽","cookie id를… session에 저장을했는데"
2022-02-03 22:30:37,"안뇽","그리고 그 session 정보에 담겨져 있는 user을 불러와서 그 정보값을 변경할려고하는데"
2022-02-03 22:30:40,"안뇽","잘 안되더라구요.."
2022-02-03 22:30:51,"안뇽","코드를 여기에 올려도될까요??"
2022-02-03 22:31:11,"쓔느님","전 1도 몰라서 도움이 못되지만 고수님들이 도와주실거에염 아마...☆"
2022-02-03 22:31:14,"쓔느님","이모티콘"
2022-02-03 22:31:33,"안뇽","사진"
2022-02-03 22:31:58,"안뇽","일단 const user= await User.findOne({id}); 이 부분을"
2022-02-03 22:32:08,"안뇽","req.session.user=user; 여기에 담았어요"
2022-02-03 22:32:23,"안뇽","그래서 req.session.user을 어디에서든 사용할 수 있도록 해놨구요"
2022-02-03 22:32:38,"안뇽","사진"
2022-02-03 22:32:55,"안뇽","user이 session에 담겨져있으니"
2022-02-03 22:32:58,"안뇽","저런식으로 하고"
2022-02-03 22:32:59,"안뇽","그리고"
2022-02-03 22:33:10,"안뇽","user안에 _id가 있으니 _id를 불러와서"
2022-02-03 22:33:20,"안뇽","email,username,id 등등 이 정보들을"
2022-02-03 22:33:24,"안뇽","mongoose 함수 인"
2022-02-03 22:33:39,"안뇽","findByIdAndUpdate로 변경해줄려고하거든용"
2022-02-03 22:33:44,"안뇽","근데 음… 변경이 안되네요 ㅋㅋㅋ;"
2022-02-03 22:38:24,"운동하는 라이언","세션의 user가 변경이 안되는거에요? 몽고 디비값이 변경이 안되는거에요?"
2022-02-03 22:40:16,"안뇽","둘다 안되는거에용"
2022-02-03 22:40:29,"안뇽","원래는 변경이 되야하는데 디비에도 지금 변경이 안되고 있어요"
2022-02-03 22:40:43,"안뇽","이거 옛날에 이렇게 했을 때는 변경 잘 되었는데"
2022-02-03 22:40:46,"안뇽","지금은 변경이 안되네요"
2022-02-03 22:41:34,"30웹","user의 값은 제대로 나오나요???"
2022-02-03 22:42:06,"안뇽","네 지금 콘솔 보여드릴게요"
2022-02-03 22:42:21,"안뇽","사진"
2022-02-03 22:42:28,"안뇽","지금 콘솔에는 잘 나오고있어요"
2022-02-03 22:44:26,"30웹","혹시 _id 랑 id 이 있는데... 업데이트 하는데 기준값은 무엇인가요??"
2022-02-03 22:48:18,"안뇽","아"
2022-02-03 22:48:25,"안뇽","id는 그 제가 스키마 만들 때"
2022-02-03 22:48:27,"안뇽","회원가입할 때"
2022-02-03 22:48:33,"안뇽","만들려고한 id 이고요"
2022-02-03 22:48:48,"안뇽","_id는 session에서 만들어 준 _id 값이에요"
2022-02-03 22:48:58,"안뇽","업데이트 기준은"
2022-02-03 22:49:07,"안뇽","제가 회원가입했을 때 그 정보들을 변경해줄려고 한겁니다"
2022-02-03 22:49:18,"안뇽","회원가입하고 정보변경할려고할 때 할려고한거에요"
2022-02-03 22:49:52,"안뇽","그래서 _id 로 정보 찾아서 email,username,id,location 정보 변경할려고하는건데 ㅠㅠ"
2022-02-03 22:51:20,"운동하는 라이언","유저를 만드는로직은 수행한 뒤에 요청한건가요?"
2022-02-03 22:51:50,"파린이의모험","const user"
2022-02-03 22:52:08,"파린이의모험","이부분부터 콘솔로그 찍어서 값 확인해보세요"
2022-02-03 22:52:36,"파린이의모험","단계마다 값 찍어보고 체크하는게 좋겠어요 어디서 누락되는거 같네요"
2022-02-03 22:52:44,"안뇽","네네"
2022-02-03 22:52:55,"안뇽","아 한번해볼게요..!"
2022-02-03 22:53:03,"파린이의모험","네 천천히 해보세유 ㅎㅎ"
2022-02-03 22:53:11,"파린이의모험","개인홈피인가요??"
2022-02-03 22:53:16,"안뇽","아 넵ㅋㅋㅋㅋㅋ"
2022-02-03 22:53:22,"안뇽","그냥 개인적으로 지금 만들고있어요,,ㅎㅎ"
2022-02-03 22:53:24,"운동하는 라이언","_id는 세션 아이디라고 하셨는데"
2022-02-03 22:53:45,"운동하는 라이언","리퀘스트 바디에 있는 id가 실제 UserId 아닌가요...."
2022-02-03 22:53:47,"운동하는 라이언",".?"
2022-02-03 22:54:24,"파린이의모험","그냥 작성자님이 구분해 놓으신거 같아요"
2022-02-03 22:54:55,"파린이의모험","오랜만에 코드를 보니 즐겁네요 (굿)"
2022-02-03 22:55:01,"운동하는 라이언","익숙하지 않은 언어라 어렵네요~"
2022-02-03 22:55:27,"운동하는 라이언","로직은 틀린게 없어보이는데..."
2022-02-03 22:55:31,"파린이의모험","노드js??"
2022-02-03 22:55:50,"안뇽","네네 노드입니당"
2022-02-03 22:56:17,"파린이의모험","오홍.. 예전에 만졌었는데 다 까먹었네요 ㅋㅋ"
2022-02-03 22:56:24,"안뇽","ㅋㅋㅋㅋㅋㅋ"
2022-02-03 22:56:32,"안뇽","파린이님"
2022-02-03 22:56:39,"안뇽","그 로그아웃해보고"
2022-02-03 22:56:41,"안뇽","그 로그인부분에"
2022-02-03 22:56:45,"안뇽","Console로"
2022-02-03 22:56:54,"안뇽","req.session 해보니깐"
2022-02-03 22:56:57,"파린이의모험","네넹"
2022-02-03 22:57:05,"안뇽","_id: new ObjectId(""61fb3051b5fb39b492f17c6c""),"
2022-02-03 22:57:13,"안뇽","아까 랑 살짝 다르게 나오네요"
2022-02-03 22:57:14,"안뇽","아까는"
2022-02-03 22:57:22,"안뇽","dbject 이거 없이"
2022-02-03 22:57:32,"안뇽","뒤에 저 이상한문자열만 나왔는데 지금은"
2022-02-03 22:57:34,"안뇽","저런식으로 나오네요"
2022-02-03 22:57:40,"안뇽","근데"
2022-02-03 22:57:45,"안뇽","값은 똑같아요.."
2022-02-03 22:57:56,"파린이의모험","json객체라 object로 인식하나"
2022-02-03 22:58:10,"파린이의모험","안에 값은 확인 불가한가욤"
2022-02-03 22:58:52,"파린이의모험","아아 아니네요 잘못봄 ㅠ"
2022-02-03 22:59:00,"안뇽","으음...."
2022-02-03 22:59:04,"안뇽","뭐지 ㅠㅠㅠ진짜"
2022-02-03 22:59:05,"안뇽","출력도 잘 되고"
2022-02-03 22:59:07,"안뇽","이상한것도 없는데"
2022-02-03 22:59:14,"안뇽","어디에서 문제가생겻는지 잘 모르겟네요"
2022-02-03 22:59:18,"안뇽","이거때문에 다른걸 못하고있어요 ㅠㅠㅠ"
2022-02-03 22:59:22,"파린이의모험","저는 이럴때 단계마다 값 다 찍어보고 찾곤 했었어요"
2022-02-03 22:59:31,"파린이의모험","그럴땐 과감하게.. 쉬고 나중에 해요 ㅋㅋ"
2022-02-03 22:59:49,"파린이의모험","그럼 쉽게 찾아질때도 있어요 휴식휴식"
2022-02-03 22:59:56,"안뇽","ㅋㅋㅋ그쵸… 아까전에도"
2022-02-03 23:00:03,"안뇽","혹시난싶어서 다른곳에도 console 다 해보고"
2022-02-03 23:00:10,"안뇽","const 때문인가싶어서"
2022-02-03 23:00:16,"안뇽","const 를 let으로도 바꿔보고해봤지만"
2022-02-03 23:00:19,"안뇽","결과는똑같ㄴㅔ요 ㅎㅎ."
2022-02-03 23:00:21,"운동하는 라이언","findone이 제대로 불러지는지 궁금하네요"
2022-02-03 23:00:47,"운동하는 라이언","공식문서에는 콜백함수 없을시  exec() 를 붙여 줘야한다는데"
2022-02-03 23:03:02,"안뇽","exec요,,,?"
2022-02-03 23:03:03,"안뇽","잠시만용"
2022-02-03 23:03:59,"운동하는 라이언","저두 자세히는 몰라서 문서보니 그렇게 나오긴 하네요 user가 올바르게 db에서 찾아지면 거기 문제는 아닐거에요"
2022-02-03 23:04:42,"안뇽","올바르게 찾아지는건맞는거같아용ㅇ"
2022-02-03 23:07:40,"운동하는 라이언","ㅠㅠ"
2022-02-03 23:08:03,"운동하는 라이언","이제는 한줄한줄 디버깅이 답일거같아요... ㅋㅋㅋㅋㅋㅋㅋㅋ"
2022-02-03 23:08:22,"안뇽","ㅋㅋㅋㅋㅋㅋ그렇게해서라도 나왔으면 진짜 엄청 젛겠네요"
2022-02-03 23:08:23,"안뇽","이모티콘"
2022-02-03 23:54:51,"이재훈","이제 코딩 배워보려는 29살 직장인입니다"
2022-02-03 23:55:01,"이재훈","혹시 학원이나 멘토 추천 가능하신가용"
2022-02-04 00:18:19,"라이언","여기서 /users/edit redirect까지 잘 되나요?

findByIdAndUpdate에서 에러생기면 안바뀔 것 같기도 하네요 저부분만 try catch로 감싸서 확인해봐도 좋을 것 같아요"
2022-02-04 00:20:10,"안뇽","redirect부분 까지 잘 되요!"
2022-02-04 00:20:35,"안뇽","그냥 아직 디비에 저장이 안된다는거쥬"
2022-02-04 00:21:00,"안뇽","다른 프로젝트하던 그 코드랑도 완전히 똑같이도 해보고 다 해봤는데 ㄹㅇ 문제될건 없어보야용ㅋㅋㅋㅋ"
2022-02-04 00:21:09,"안뇽","왜 저런지 도저히 이해가 안되서요"
2022-02-04 00:21:17,"안뇽","차라리 에러가ㅏ 뜨면 몰라두.."
2022-02-04 00:23:52,"운동하는 라이언","당장 학원보단 혼자 공부좀 하시고 기업에서 하는 부트캠프 가시는게 가장 좋을거같아요"
2022-02-04 00:25:58,"라이언","세션 쿠키세션쓰셨나요?"
2022-02-04 00:26:10,"안뇽","그게 무슨말씀이시죠?"
2022-02-04 00:26:19,"안뇽","아 네네"
2022-02-04 00:27:00,"라이언","브라우저에서 세션쿠키지우고"
2022-02-04 00:27:12,"라이언","다시로그인했을때 새 쿠키 생기는지 확인해보세요"
2022-02-04 00:27:22,"라이언","안생길거같은느낌이.."
2022-02-04 00:28:32,"안뇽","아"
2022-02-04 00:28:36,"안뇽","그것도 해봤어요"
2022-02-04 00:28:40,"안뇽","생겨요,,,,"
2022-02-04 00:28:44,"라이언","그러면"
2022-02-04 00:28:47,"안뇽","그 제가"
2022-02-04 00:28:49,"라이언","화이팅입니닷.."
2022-02-04 00:28:52,"안뇽","로그인했을경우에만"
2022-02-04 00:29:01,"안뇽","쿠키 생기게 했거든용"
2022-02-04 00:29:09,"안뇽","그냥 로그인 안하고 사이트 들어오면"
2022-02-04 00:29:16,"안뇽","쿠키안주고 로그인하면 쿠키주게 했는데ㅔ"
2022-02-04 00:29:23,"안뇽","그냥 혹시나해서"
2022-02-04 00:29:35,"안뇽","로그인안했을때도 쿠키주고도 해봤는데도"
2022-02-04 00:29:37,"안뇽","안되네요"
2022-02-04 00:29:39,"안뇽","하하하.."
2022-02-04 00:30:03,"안뇽","제가볼땐 분명 _id가 전달이 잘 안되서 업뎃이ㅠ안된거같은데"
2022-02-04 00:30:20,"라이언","여기사진에 findId할때 _id에"
2022-02-04 00:30:23,"안뇽","아무리 생각해봐도 전달이 안될 이유가어뵤는대 ㅋㅋㅋ"
2022-02-04 00:30:31,"안뇽","네네"
2022-02-04 00:30:44,"라이언","지금 db에 있는 _id인지 확인해보셨겠죠?"
2022-02-04 00:30:54,"안뇽","넵 당근 확인햇죠"
2022-02-04 00:31:15,"안뇽","디비에 _id 있는거 확인도 해봤어요"
2022-02-04 00:31:15,"라이언","해결하시면 공유부탁드립니다 ㅎㅎ.. 무슨 문제일지 궁금하네요"
2022-02-04 00:31:41,"안뇽","그리고 그 값이랑 콘솔값이랑도 혹시나 다른게 있는가싶어서도 확인해봤지만.. 똑같네요"
2022-02-04 00:31:55,"안뇽","넵 해결하면 공유해드리겠슴다.."
2022-02-04 00:32:18,"안뇽","분명 어딘가에서 실수가 있는데 제가 그걸 못 찾고 잌ㅅ는고같기도한데.."
2022-02-04 00:32:43,"안뇽","일단 계속 똑같은코드만 보니깐 눈이 아파서 ㅋㅋㅋ 내일 일찍일어나서 다시 봐야겠어요 😅😅"
2022-02-04 00:32:56,"안뇽","라이언님은 프론트쪽이신가요?"
2022-02-04 00:35:39,"라이언","넵 프론트인데 nodejs 관심많아요 ㅎㅎ"
2022-02-04 00:35:51,"라이언","화이팅입니닷!"
2022-02-04 00:59:05,"이재훈","어떤걸로 공부할지 몰라용.."
2022-02-04 01:01:49,"운동하는 라이언","@이재훈 완전 처음이시라면 노마드 코더 유튜브 보시면서 흥미좀 찾으시고 이후에 백준이라는 사이트에서 알고리즘도 풀고 cs 공부도 차츰 시작하시면 될거같아요. 노마드 코더 보시면서 따라서 웹페이지 만들어보세요 ~"
2022-02-04 10:47:54,"안뇽","@라이언 라이언님 ㅋㅋㅋㅋㅋㅋ"
2022-02-04 10:48:05,"안뇽","어제 그 문제 해결했어요"
2022-02-04 10:48:09,"안뇽","공식문서 싹다 찾아보고"
2022-02-04 10:48:13,"안뇽","구글링도 엄청해봤는데"
2022-02-04 10:48:21,"안뇽","오늘 아침에 갑자기 일어나면서 혹시나싶어서 보니깐"
2022-02-04 10:48:24,"안뇽","엄청난 실수를 해버렸네요..."
2022-02-04 10:49:21,"안뇽","form 부분을"
2022-02-04 10:49:34,"안뇽","제가 get로 해노코 … 자꾸 post 가 안되니깐"
2022-02-04 10:49:35,"안뇽","ㅠㅠㅠㅠㅠㅠㅠㅠ"
2022-02-04 10:49:42,"안뇽","post로 바꾸니깐 잘 해결이 뙤었습니다..ㅎ"
2022-02-04 10:53:26,"라이언","오 고생하셨습니다"
2022-02-04 10:53:35,"안뇽","근데"
2022-02-04 10:53:37,"안뇽","허ㅏㅌㄹ하네요"
2022-02-04 10:53:39,"안뇽","허탈"
2022-02-04 10:53:41,"안뇽","ㅋㅋㅋㅋㅋㅋㅋㅋㅋ"
2022-02-04 10:53:45,"안뇽","post 요놈이였다니"
2022-02-04 10:53:47,"안뇽","ㅋㅋㅋㅋㅋㅋㅋㅋㅋㅋ"
2022-02-04 10:53:54,"라이언","그럼 이게 실행 안되고있었던건가요?"
2022-02-04 10:54:00,"안뇽","넵"
2022-02-04 10:54:08,"안뇽","p그냥 저 코드자체가"
2022-02-04 10:54:10,"안뇽","무의미해버린거였죠"
2022-02-04 10:56:43,"라이언","역시 안되면"
2022-02-04 10:56:50,"라이언","자고일어나야되는군요"
2022-02-04 10:56:51,"라이언","ㅋㅋㅋ"
2022-02-04 10:58:04,"안뇽","ㅋㅋㅋㅋㅋㅋㅋㅋㅋ"
2022-02-04 10:58:19,"안뇽","정말로 안될 때 할려고 발버둥치다가"
2022-02-04 10:58:25,"안뇽","더 망가트리는경우가 있어서..^^"
2022-02-04 11:00:18,"라이언","이모티콘"
2022-02-04 11:07:28,"이재훈","감사합니당"
2022-02-04 13:12:44,"초롱초롱 튜브","안뇽님은 어떤거 만들고 계세요?"
2022-02-04 14:51:41,"이재훈","선배님들 혹시"
2022-02-04 14:51:52,"이재훈","코딩학원중에 주차장 잇는곳도 있는가요?"
2022-02-04 14:55:42,"부끄러워하는 라이언","부끄러워하는 라이언님이 나갔습니다."
2022-02-04 15:03:05,"zidol","코리아 it 주차 타워 있는거 같던데요"
2022-02-04 15:19:18,"코딩여우","있는데 유료입니다ㅜ"
2022-02-04 15:20:29,"뚱이","뚱이님이 들어왔습니다."
2022-02-04 15:22:32,"뚱이","안녕하세요!"
2022-02-04 15:22:41,"뚱이","혹시 다들 전공자이신가요..?"
2022-02-04 15:24:33,"zidol","아니요"
2022-02-04 15:24:41,"zidol","반갑습니다~"
2022-02-04 15:24:54,"뚱이","넵! 반갑습니다!"
2022-02-04 17:19:01,"이재훈","헐 많이비싸요?"
2022-02-04 17:19:20,"안뇽","좀 비싸던데요 ㅋㅋㅋ..;"
2022-02-04 17:19:30,"이재훈","ㅎㄹㄹㄹㄹㄹ"
2022-02-04 17:19:38,"이재훈","그럼 학원 어디가지 ㅠㅠ"
2022-02-04 17:19:40,"불나게 일하는 네오","ai쪽하시는분은 계신가요"
2022-02-04 17:19:43,"불나게 일하는 네오","다 웹인가요?"
2022-02-04 17:19:45,"이재훈","주차 있는것 없으려나"
2022-02-04 17:24:21,"이재훈","어디서 배워야할지"
2022-02-04 17:24:25,"이재훈","되게고민이네요"
2022-02-04 17:27:03,"안뇽","인강은 별로세요?"
2022-02-04 17:27:18,"이재훈","인강도 괜찮은가요?"
2022-02-04 17:27:19,"안뇽","저 중고거래사이트요!"
2022-02-04 17:27:26,"이재훈","흠"
2022-02-04 17:27:35,"쓔느님","호오라"
2022-02-04 17:27:52,"안뇽","장단점은 뭐든 있죠 ㅎ"
2022-02-04 17:27:52,"안뇽","그래도 전 인강도 낫베드라거 생각해용"
2022-02-04 17:28:24,"안뇽","ㅋㅋㅋㅋㅋㅋ머리에 생각은 오떻게 만들지 구현했는데 .. ㅅ현실은 웁니다"
2022-02-04 17:28:47,"쓔느님","화이팅!!! 할쓔있어유!! 화이티이잉"
2022-02-04 17:30:02,"쓔느님","이모티콘"
2022-02-04 17:32:14,"안뇽","흐흑 감사합니다!!!!"
2022-02-04 17:36:26,"뚱이","뚱이님이 나갔습니다."
2022-02-04 18:03:59,"초롱초롱 튜브","경북직업전문학교 가보세요. 거기 동대구역에 주차하면 돼여"
2022-02-04 18:04:25,"초롱초롱 튜브","예담직업전문학교도 공원에 주차하시면 돼여"
2022-02-04 18:36:54,"이재훈","코리아it에 처음오면"
2022-02-04 18:37:04,"이재훈","국비지원과정이 어렵네용??"
2022-02-04 18:37:16,"이재훈","배운게 없어서 큰일"
2022-02-04 18:41:39,"콱","콱님이 들어왔습니다."
2022-02-04 18:43:51,"콱","콱님이 나갔습니다."
2022-02-04 20:50:37,"화이팅","코틀린 강의 개안은 거 있슴꽈"
2022-02-04 20:50:47,"화이팅","형제여러분"
2022-02-04 21:27:11,"개s시s","개s시s님이 들어왔습니다."
2022-02-04 21:30:19,"불나게 일하는 네오","네"
2022-02-05 01:16:51,"Min","Min님이 들어왔습니다."
2022-02-06 20:45:30,"리듬타는 제이지","리듬타는 제이지님이 들어왔습니다."
2022-02-06 22:18:16,"코딩곰","코딩곰님이 들어왔습니다."
2022-02-06 22:18:45,"코딩곰","안녕하세요~"
2022-02-06 22:22:56,"이재훈","안녕하세요😜"
2022-02-06 22:25:13,"긍정승정","안 녕 하 십 니 까!"
2022-02-06 22:29:08,"30웹","😄 안녕하세요"
2022-02-06 22:30:59,"쓔느님","이모티콘"
2022-02-06 22:31:06,"쓔느님","눈 따가워염"
2022-02-07 16:02:38,"이재훈","안녕하세용"
2022-02-07 16:02:58,"이재훈","이제 공부 시작하는 코딩새싹입니다"
2022-02-07 16:03:20,"이재훈","선배님들 혹시 추천하는 교육과정이나 자격증 있으실까요?"
2022-02-07 16:04:11,"운동하는 라이언","알고리즘과 cs가 가장 좋지 않을까요"
2022-02-07 16:06:15,"이재훈","자바나 파이썬 이나 정보처리기능사쪽 말구"
2022-02-07 16:06:23,"이재훈","그쪽으루요?"
2022-02-07 16:08:06,"운동하는 라이언","si 희망하시면 그걸로 충분할거같아요"
2022-02-07 16:10:00,"이재훈","프리랜서 코더 과정으레"
2022-02-07 16:10:08,"이재훈","과정을 알수있으면 좋겟네요.."
2022-02-07 17:08:50,"Min","여기 계시는 분들 가끔 모여서 오프라인 모각코나 공부를 같이 하시나요?"
2022-02-07 17:09:10,"Min","대구에 오프라인 모각코는 없는 것 같아서 여쭤봅니다!"
2022-02-07 17:15:47,"파린이의모험","코로나로 인해 모임은 좀 어렵지 않을까요 🤔"
2022-02-07 17:16:18,"파린이의모험","유튜브에서 파이썬 기초 강좌로 코딩이 본인에게 잘 맞는지 한번 판단해보세요"
2022-02-07 17:16:45,"파린이의모험","https://youtu.be/kWiCuklohdY"
2022-02-07 17:17:08,"파린이의모험","여기서 파이썬 기초 공부해보세요. 학원 안다녀도 충분합니다"
2022-02-07 17:17:29,"파린이의모험","먼저 본인 적성에 맞는지... 공부하면서 느껴보시길 바랍니당"
2022-02-07 17:18:24,"파린이의모험","그리고 자격증은 추후에 자격조건 갖추시고 정보처리기사 따시면 됩니다.. 국내에선 이거 하나만 있으면 돼요. 다른거 딸 필요 없어요"
2022-02-07 17:20:25,"이재훈","헉 감사합니다"
2022-02-07 17:24:56,"Min","서울에서는 4명씩도 많이 모여서 하는 것 같더라구요!"
2022-02-07 17:26:26,"식","갤탭7s로 코딩해보신분 계신가욥"
2022-02-07 17:46:13,"파린이의모험","저도 오프로 세미프로젝 하는 모임 만들고 싶은데.. ㅠ"
2022-02-07 17:49:45,"Min","랭귀지 뭐 쓰시나요?"
2022-02-07 17:51:49,"파린이의모험","파이썬 생각중입니다!!"
2022-02-07 17:59:59,"zidol","vue는 안다루시나요?"
2022-02-07 18:01:32,"zidol","vue하시는분 안계신가요..ㅠ"
2022-02-07 18:07:26,"불나게 일하는 네오","파이썬으로 세미프로젝트 하는거면 머신러닝쪽 생각하시나용"
2022-02-07 18:07:35,"파린이의모험","vue.js는 옛날에 좀 써봤는데.. 익숙해지면 꽤 좋아요"
2022-02-07 18:07:49,"파린이의모험","아뇨 그냥 기초때고 깔작거리는 수준으로.."
2022-02-07 18:08:09,"파린이의모험","크롤링으로 데이터 쌓는 프로젝트 해보려 합니다"
2022-02-07 18:10:22,"이재훈","혹시 저.. 가르쳐주시면서"
2022-02-07 18:10:33,"이재훈","복습하실분 계신가요"
2022-02-07 18:10:44,"이재훈","정보처리 산업기사 준비하는 새싹입니다"
2022-02-07 18:11:38,"긍정승정","아아.."
2022-02-07 18:11:41,"긍정승정","정처산기.. 잇어여.."
2022-02-07 18:11:51,"이재훈","헉.."
2022-02-07 18:11:59,"긍정승정","이모티콘"
2022-02-07 18:12:01,"이재훈","29살에 첫 프로그래밍 도전하는데"
2022-02-07 18:12:05,"Min","리액트 취준이나 토이 프로젝트는 없으신가요오..."
2022-02-07 18:12:07,"이재훈","도움 보태주실분 구합니다.."
2022-02-07 18:12:09,"긍정승정","전 안드..."
2022-02-07 18:13:04,"코딩곰","전 파이썬이랑 플러터 해보려고 합니다"
2022-02-07 18:13:41,"코딩곰","파이썬으로는 간단한 프로그램 만들어서 회사내 pc랑 모니터 관리하고있구요"
2022-02-07 18:13:45,"코딩곰","플러터는 완전 처음이에요"
2022-02-07 18:14:11,"zidol","뷰는 안하시나요?? 뷰로 하나 진행 하려고 해서.."
2022-02-07 18:15:16,"Min","9개월을 리액트를 해서 리액트를 저버릴 수 없어여..."
2022-02-07 18:16:10,"긍정승정","플러터 좋죠~"
2022-02-07 18:16:44,"Min","저는 30에 독학하다가 부트캠프 탔어요. 요새 KDT라고 국가 사업 들어가면서 많은 사기업 부트캠프들이 공짜로 (지원해준다는 의미..? 인터뷰보고 뽑히면) 바뀌었어요 k digital training 검색해보셔유"
2022-02-07 18:17:06,"Min","제꺼도 공짜로 바꼈더라구요... ㅠㅠ"
2022-02-07 18:24:20,"이재훈","헉 감사합니당"
2022-02-07 18:25:54,"불나게 일하는 네오","저도 kdt로 네이버에서하는 부트캠프 하는중입니다 ㅎ"
2022-02-07 18:26:02,"이재훈","Kdt가 되게 많은데"
2022-02-07 18:26:06,"이재훈","국비지원이랑 달라요..?"
2022-02-07 18:26:33,"Min","다른걸로 알고 있습니다"
2022-02-07 18:27:21,"코리니","코리니님이 나갔습니다."
2022-02-07 18:27:27,"Min","Kdt 들어오면서 예전에는 국비학원이 아닌 곳도 지원받을 수 있게 됐는걸로 알고 있고 4차 산업 관련된거 위주로 한다고 알고 있습니다 국비는 예전부터 있었고 kdt는 시작한지 얼마 안됏어요"
2022-02-07 18:28:24,"파린이의모험","처음 배우시는 분이라면 적성 검사 하시고 국비지원으로 과정 수료하시는걸 추천드립니다."
2022-02-07 18:28:52,"파린이의모험","다만 이 길로 개발자를 시작하는건 많은 어려움이 따르니 정말 꾸준히 열심히 하셔야해요.. 전공자들 따라가기 어렵습니다"
2022-02-07 18:29:12,"Min","맞아여.."
2022-02-07 18:29:51,"파린이의모험","경력 쌓아 상위 클래스 회사로 이직 생각해야 해요. 현실은 정말 하급 si로 시작하는 경우가 많아요"
2022-02-07 18:30:01,"파린이의모험","그래서 중간에 포기하는 사람 많고요"
2022-02-07 18:30:28,"파린이의모험","그래서 무턱대고 개발자 뛰어드는거 적성체크 해보라는 겁니다 (흑흑)(흑흑)"
2022-02-07 18:32:16,"개s시s","채팅방 관리자가 메시지를 가렸습니다."
2022-02-07 18:33:42,"코딩곰","홍보인가요"
2022-02-07 18:35:37,"이재훈","적성검사"
2022-02-07 18:35:39,"이재훈","어떻게 해용?"
2022-02-07 18:35:56,"이재훈","Kdt는 온라인인가요"
2022-02-07 18:37:14,"Min","온오프 다 있어용"
2022-02-07 18:53:08,"이재훈","민님〰️ 제가 그럼 국비지원으로 이번에"
2022-02-07 18:53:10,"이재훈","했는데"
2022-02-07 18:53:27,"이재훈","Kdt 는 올해 또 할수있을까요"
2022-02-07 18:53:30,"이재훈","잘 모르겟네용 이거에 대해"
2022-02-07 18:58:50,"희표/시지","개s시s님을 내보냈습니다."
2022-02-07 19:01:59,"이재훈","그리구 그 추천 자격증좀 부탁드릴게요"
2022-02-07 19:03:41,"Min","그런건 기관에 전화해 보시는 게….;;; 맞지 않을까요."
2022-02-07 19:04:16,"이재훈","넵 히히"
2022-02-07 19:04:16,"안뇽","혹시 백쪽으로 일 하시는 분?"
2022-02-07 19:04:40,"안뇽","백엔드이신분 계시나용"
2022-02-07 19:07:42,"운동하는 라이언","사실 자격증은 취업엔 크게 의미 없을거 같네요"
2022-02-07 19:23:00,"이재훈","감사합니다 ㅎㅎ"
2022-02-07 20:03:46,"파린이의모험","국비지원은 한도 지원금이 있어요"
2022-02-07 20:04:09,"파린이의모험","보통 학원들이 돈 다 타먹으려고 한 과정에 최대치 수강료 끌어가요"
2022-02-07 20:04:48,"파린이의모험","국비지원 하나 들으면 나중에 기회 없어지니 고려하셔야 해요"
2022-02-07 20:05:05,"이재훈","그럼 좀 저렴한 강의를"
2022-02-07 20:05:09,"이재훈","2개 듣는게 나을까요"
2022-02-07 20:05:16,"파린이의모험","굳이 강의를..."
2022-02-07 20:05:26,"파린이의모험","여기서 질문하시기 보다는"
2022-02-07 20:06:11,"파린이의모험","개발자 되는 과정을 직접 검색해서 보시길 바랍니다
자세한 설명과 어떻게 하면 좋을지 상세하게 안내해줘요~!!"
2022-02-07 20:06:32,"파린이의모험","엄청 다양한 방법이 있으니 본인 상황에 맞게 고르세용"
2022-02-07 20:06:40,"이재훈","헉 너무 감사합니다"
2022-02-07 20:06:47,"이재훈","너무 친절하시네요"
2022-02-07 20:07:20,"운동하는 라이언","회사를 어디로 정하냐, 직무를 어떤걸 선택하냐에 따라서 준비 방법이 달라질거같아요"
2022-02-07 20:45:53,"불나게 일하는 네오","개발자도 분야 많은데 진로부터 정하는게 좋지 않을까요"
2022-02-07 20:46:03,"불나게 일하는 네오","웹 서버 앱개발 등등"
2022-02-07 20:54:46,"k","네"
2022-02-07 23:59:13,"zidol","혹시 자바 알고리즘(코테)강의 추천해줄만한게 있을까요?"
2022-02-08 00:08:06,"불나게 일하는 네오","자바는 없을걸요 굳이 자바로 하는 이유가 잇나요"
2022-02-08 00:08:37,"운동하는 라이언","알고리즘 개념만 익히시면 뭘로 구현하시던 상관없을거 같아서 아무거나 들으셔두 괜찮을것같아요"
2022-02-08 00:10:32,"zidol","자바로 개발 하고 있어서요.."
2022-02-08 00:11:27,"zidol","자바스크립트도 사용하긴 합니다만.."
2022-02-08 00:11:33,"zidol","더 유리한게 있을가요??"
2022-02-08 00:11:55,"zidol","이직 준비중인데 코테를 봐야할것 같아서요.."
2022-02-08 00:15:34,"운동하는 라이언","흠 아마도 동빈나님 유튜브 가면 무료로 코테 강의가 있을거에요 거기서 알고리즘 개념 익히시고 백준 계속 돌리는게 답일거같네요. 언어로 이점이라면 파이썬이 구현하기가 쉽다 정도이고 익숙하신 언어 아무거나 사용하시면 될거같아요"
2022-02-08 00:29:53,"zidol","감사합니다"
2022-02-08 19:44:12,"이재훈","혹시 국비과정 중에 생활비 충당 해보신분 계신가요?"
2022-02-08 20:46:44,"희표/시지","생활비 나오지 않나요?"
2022-02-08 20:47:02,"희표/시지","취업성공패키지하면 월 몇십만원 나오는걸로 아는데"
2022-02-08 20:49:52,"이재훈","어머니 가게에 4대보험 넣는다고 소득잡아놔소"
2022-02-08 20:49:57,"이재훈","나오질않네요 허러"
2022-02-08 20:54:43,"파린이의모험","국비지원은 미취업자 대상이라"
2022-02-08 20:54:56,"파린이의모험","그런식이면 못받습니다"
2022-02-08 20:56:14,"쓔느님","이거 해볼까 싶네유.. 혼자 공부하면서 알바할려닌깐 힝구.. 어렵네유"
2022-02-08 20:58:32,"희표/시지","취성패해서 띵가띵가 학원다니면서 6개월간 돈받고 다니다가 취업해서 상경한때가 그립네요"
2022-02-08 20:59:05,"쓔느님","취성패가 몬가유.."
2022-02-08 20:59:14,"쓔느님","샵검색 : #취성패"
2022-02-08 20:59:17,"쓔느님","호오"
2022-02-08 20:59:26,"희표/시지","학원다닐때가 그나마 걱정없이 시간보낼수 있었을때입니다"
2022-02-08 21:00:20,"운동하는 라이언","저 궁금한게 있는데 학원 출신분들 평범하게는 어디쪽으로 취업하시나요?"
2022-02-08 21:00:41,"쓔느님","그런가유.."
2022-02-08 21:01:53,"희표/시지","제가 아는한에서는 포기한사람이 좀 많았습니다 저는 아무데나 취업하고 봐서 갑을병정중에 병정 되는 업체에 들어가고 봐서요 ㅎㅎ"
2022-02-08 21:02:02,"희표/시지","좋은 아웃풋은 못냈습니다"
2022-02-08 21:02:32,"운동하는 라이언","감사합니다!"
2022-02-08 21:02:51,"이재훈","학원에서 취업보내줄때"
2022-02-08 21:02:57,"이재훈","어떤회사로 가는게 좋을지 걱정이네용 ㅎㅎ"
2022-02-08 21:03:13,"희표/시지","자기가 준비해서 가야되요"
2022-02-08 21:03:26,"희표/시지","6개월 학원 기간중에 계속 이력서 내보세요"
2022-02-08 21:04:08,"희표/시지","목표가 큰회사면 큰회사 기술스택에 마춰서 준비하시고"
2022-02-08 21:04:23,"희표/시지","아무데나 들어가고보자라면"
2022-02-08 21:04:49,"희표/시지","그나마 사람인같은 취업사이트에서 고르고골라서 좀 나은데로 가는게 나을거 같습니다"
2022-02-08 21:05:02,"파린이의모험","학원 출신은 냉정하게 좋은 기업에 들어가기 힘들어요.. 다 과장광고입니다"
2022-02-08 21:06:10,"운동하는 라이언","그렇군요 ㅎ 파린이님도 감사합니다!"
2022-02-08 21:06:30,"파린이의모험","학원 국비과정 듣는 친구중에 학벌 괜찮은 컴공 출신들이 가끔 있어요. 그 친구들은 상위 기업 들어가는데 그런걸로 홍보를 하곤 합니다.
냉정하게 중소기업 들어가서 꾸준히 커리어 관리해서 이직으로 점프하시면 됩니다"
2022-02-08 21:06:33,"희표/시지","저는 전공자에다가 회사 다니다 짤려서 학원 간 케이스라 비전공자인 경우는 잘 모르겠네요 윗분말대로 힘들수도 있네요"
2022-02-08 21:06:43,"파린이의모험","그리 올라가는 실력자분들 가끔 계십니다"
2022-02-08 21:07:32,"파린이의모험","솔직히 비전공 학원출신 뽑는데는 아웃소싱으로 si짬처리하는 악질 기업이 많아요"
2022-02-08 21:07:39,"운동하는 라이언","흠 저는 이미 회사를 다니고 있는데, 주위에서 요즘 코딩 학원에 대해서 엄청 물어보더라구요. 생각보다 후기는 그렇게 좋지는 않나보네요…"
2022-02-08 21:07:45,"파린이의모험","더러워도 그런데서 커리어 쌓는 방법 밖에 없습니다"
2022-02-08 21:08:05,"쓔느님","이모티콘"
2022-02-08 21:08:07,"운동하는 라이언","ㅜ"
2022-02-08 21:08:09,"쓔느님","무섭네여"
2022-02-08 21:08:55,"파린이의모험","대기업에서도 솔직히 학벌보고 커트해요"
2022-02-08 21:08:57,"희표/시지","그래도 저는 학원 다닐때가 좋았던거 같습니다"
2022-02-08 21:09:10,"쓔느님","그.. 다들 코딩 어느거 하시나유.."
2022-02-08 21:09:46,"쓔느님","안드로이드 스튜디오 배울려구하는데 말이쥬.. 그래서 자바의정석 보고 있어여.."
2022-02-08 21:10:00,"희표/시지","저는 자바,코틀린, 스위프트 합니다"
2022-02-08 21:10:11,"파린이의모험","굳이 자바 배우시지 않고 코틀린 시작하셔도 돼욤"
2022-02-08 21:10:13,"쓔느님","호옹..! 글쿤효"
2022-02-08 21:10:18,"운동하는 라이언","안드로이드 하실거면 자바의 정석이면 좋네요~"
2022-02-08 21:10:28,"쓔느님","머리가 나빠서 기초부터 배워야할거같아서유.."
2022-02-08 21:10:32,"파린이의모험","자바로 프로그래밍 입문 하시고
코틀린 바로 넘어가셔도 좋습니다"
2022-02-08 21:10:38,"쓔느님","호옹"
2022-02-08 21:10:44,"희표/시지","코틀린이나 자바나 다를건 없습니다"
2022-02-08 21:10:50,"쓔느님","그렇쿤욤..!"
2022-02-08 21:11:14,"희표/시지","코틀린이 좀 더 확장판이라고 보시면 되요"
2022-02-08 21:11:19,"쓔느님","자바의 정석 책도 어렵네여 제겐.."
2022-02-08 21:11:37,"파린이의모험","파이팅입니다!"
2022-02-08 21:11:52,"쓔느님","홧팅☆"
2022-02-08 21:11:53,"운동하는 라이언","문법 익히실때 책만 보면 안늘고 백준 기본 문법 문제라도 풀어보세요"
2022-02-08 21:12:19,"쓔느님","호옹 넴 찾아서 해볼게유 감사해유"
2022-02-08 21:12:37,"파린이의모험","기본 문법 공부하시고"
2022-02-08 21:12:49,"운동하는 라이언","https://www.acmicpc.net/step 책이랑 진도 맞춰서 풀어보시면 좋을거에요~"
2022-02-08 21:12:59,"파린이의모험","작은 세미 프로젝트 하나라도 진행하시면 금방 실력 느실거예용"
2022-02-08 21:13:12,"파린이의모험","백준도 좋네요 ㅎㅎ"
2022-02-08 21:13:16,"안뇽","ㅋㅋㅋㅋㅋ 처음에 코딩시작할 땐"
2022-02-08 21:13:22,"안뇽","엄청 높기 보고 시작했는데"
2022-02-08 21:13:32,"쓔느님","아이디어는 많네유!! 어케 할지는 도무지 모르겠지만 막 종이에 아이디어 많이 갈겨놨어유"
2022-02-08 21:13:35,"안뇽","지금은 뽑아주기만하면 가야지라고 ㅋㅋㅋ.."
2022-02-08 21:13:38,"안뇽","생각이 바꼇네요 ㅠ"
2022-02-08 21:13:44,"운동하는 라이언","파린이님이 추천해주신 방법도 좋아요~ 프로젝트를 해야 많이 늘어요"
2022-02-08 21:13:46,"안뇽","휴 전 이제 기능은 어는정도 넣었는데"
2022-02-08 21:13:51,"파린이의모험","기초 문법만 떼고 코딩테스트 사이트에서 굴러고 진짜 쭉쭉 늘어융"
2022-02-08 21:13:54,"안뇽","프론트가 빡시네요 ㅋㅋㅋㅋㅋ"
2022-02-08 21:13:57,"쓔느님","감사합니당 복받으셔유"
2022-02-08 21:14:24,"코딩곰","혹시 크로스플랫폼 플러터 이용해서 개발하시는분 계신가요"
2022-02-08 21:14:43,"파린이의모험","매일매일 파이썬 30분에서 1시간씩 공부중입니다 😭 😭"
2022-02-08 21:16:58,"쓔느님","아앗 파이썬까지..☆"
2022-02-08 21:17:08,"안뇽","파이썬 어때요 ㅋㅋㅋㅋ?"
2022-02-08 21:17:15,"안뇽","전 담에 시간나면 파인선 해볼려구하눈뎅"
2022-02-08 21:17:19,"파린이의모험","갓파이썬"
2022-02-08 21:17:40,"파린이의모험","대세입니당 ㅋㅋ"
2022-02-08 21:17:51,"쓔느님","대세라 그러니 또 솔깃하네유"
2022-02-08 21:18:03,"쓔느님","친구 대학교 다시 갔는데 지금 파이썬 배운데유.."
2022-02-08 21:18:11,"파린이의모험","웹 백단 다 쓸수 있죠. 파이썬 개발자 선호하는데도 많고"
2022-02-08 21:18:30,"운동하는 라이언","ㅋㅋㅋ 그래도 국내에서 취업하기엔… 자바만한게 없습니다"
2022-02-08 21:18:31,"파린이의모험","국내도 점점 파이썬 늘고 있어요"
2022-02-08 21:18:45,"파린이의모험","한국 특유의 괴물같은 자바 ㅋㅋ"
2022-02-08 21:18:49,"운동하는 라이언","ㅋㅋㅋㅋㅋㅋㅋㅋㅋ"
2022-02-08 21:18:52,"운동하는 라이언","정말 … 자바는 그만!"
2022-02-08 21:18:55,"파린이의모험","외국에선 안써요"
2022-02-08 21:19:48,"파린이의모험","예전엔 자바 웹 개발자 많았는데"
2022-02-08 21:19:49,"운동하는 라이언","그쵸… 저는 백이라 어쩔수없는 자바인생이네요"
2022-02-08 21:19:56,"파린이의모험","점점 바뀌는 추세 아닌가요"
2022-02-08 21:20:05,"쓔느님","아앗... 외쿡에선 파이썬 쓰나유.."
2022-02-08 21:20:07,"파린이의모험","공공기관이야 머 그렇다쳐도"
2022-02-08 21:20:21,"쓔느님","나중에 외쿡에살거같아서 코딩배우려는것두 있어염..."
2022-02-08 21:20:25,"파린이의모험","대기업들도 대부분 가벼운거 쓰거나 ,파이썬도 꽤 쓸텐데"
2022-02-08 21:20:38,"파린이의모험","네 파이썬도 쓰고"
2022-02-08 21:20:43,"운동하는 라이언","흠 파이썬은 상용에선 성능때문에 안쓰고, 코틀린 정도로 넘어가는 분위기네요"
2022-02-08 21:20:45,"파린이의모험","언어별 트렌드 검색해보세용"
2022-02-08 21:21:06,"쓔느님","호오...!!!!"
2022-02-08 21:21:10,"파린이의모험","글로벌에서 파이썬이 제일 파이가 크지 않나요"
2022-02-08 21:21:19,"파린이의모험","점점 늘어날텐데"
2022-02-08 21:21:48,"파린이의모험","뭐 언어별로 수요은 다 있으니 하나만 잘 하시면 돼요"
2022-02-08 21:22:00,"파린이의모험","나중에 멀티로 늘리시면 되고요 (꺄아)"
2022-02-08 21:22:17,"운동하는 라이언","파이썬 구조상 한계가 있어서, 자잘한 프로젝트에선 많이 쓰일텐데 정말 큰 시스템은 적용했다가 뺴는 사례가 많더라구요"
2022-02-08 21:22:39,"파린이의모험","흠 페북이 파이썬인데"
2022-02-08 21:22:54,"파린이의모험","어떤 프로젝트인지 개발 환경이랑 각종 변수 고려해서"
2022-02-08 21:23:04,"쓔느님","외국 일자리 사이트에 어떤 일자리 많은지 찾아서.. 다시  생각해봐야겠네유.. 근데 안드로이드 앱.. 재밌을거같은데 말이쥬.."
2022-02-08 21:23:14,"쓔느님","물론 다 어렵긴 하겠지만유"
2022-02-08 21:23:40,"파린이의모험","앱 개발자 수요는 꾸준합니다 :)"
2022-02-08 21:24:13,"쓔느님","오오!! 다행이네유.."
2022-02-08 21:24:48,"파린이의모험","어떤 언어가 좋다 그런건 없거요. 언어별 연봉 수준 검색해서"
2022-02-08 21:25:01,"운동하는 라이언","뭐든 기술 스택 하나만 깊게 파셔도 어디든 취업하실수 있으니"
2022-02-08 21:25:16,"운동하는 라이언","맞아요 파린이님 말대로 맘에드는거 골라서 깊게만 공부하시면 어디든 데려갑니다~"
2022-02-08 21:25:31,"파린이의모험","상위권 언어 주력으로 고르시고 취업하셔서 나중에 여러개 하시면 됩니다. 자연스럽게 다른 언어 배울 수밖에 없어용"
2022-02-08 21:27:01,"쓔느님","불안했는데 초큼 안심이 되네유 두분 다 감사드려유!!"
2022-02-09 07:46:47,"안심역","안심역님이 들어왔습니다."
2022-02-09 07:47:34,"안심역","안녕하세요"
2022-02-09 08:02:23,"30웹","안녕하세요 반가워요"
2022-02-09 08:06:11,"코딩곰","안녕하세요"
2022-02-09 08:29:14,"안심역","활동중인가요..?"
2022-02-09 08:45:01,"화이팅","안녕하세요"
2022-02-09 08:46:33,"안심역","안녕하세요 ~"
2022-02-09 08:48:34,"쓔느님","이모티콘"
2022-02-09 14:16:14,"리듬타는 제이지","혹시 모각코 하시는분들 계신가요?"
2022-02-09 14:20:21,"희표/시지","모각코모임은 자유롭게 모집공고 올려도 좋습니다. 시간, 장소 정해서 공지로 등록해주세요. :)"
2022-02-09 14:22:52,"안심역","스벨트나 뷰 공부하시는 분 계신가요?"
2022-02-09 14:36:46,"코딩곰","저번에 뷰 공부하는분 계셨어요"
2022-02-09 14:52:01,"리듬타는 제이지","리액트 공부하시는 분 계신가요?"
2022-02-09 14:56:30,"안심역","리액트 공부하시는거면 프론트쪽 준비하시는건가요?"
2022-02-09 15:00:14,"리듬타는 제이지","넵 프론트 준비하고 있습니다"
2022-02-09 15:05:17,"Min","저도 리액트로 프론트 준비해요-"
2022-02-09 16:36:27,"마이크를 먹는 라이언","저도 리액틉니당"
2022-02-09 16:44:57,"리듬타는 제이지","혹시 두분은 공부하시는거 인강으로 공부하시나요?"
2022-02-09 16:45:00,"리듬타는 제이지","아니면 공식문서..?"
2022-02-09 16:45:25,"초롱초롱 튜브","다들 독학으로 공부하세요?"
2022-02-09 16:45:43,"초롱초롱 튜브","지방에는 좋은 기업이 없는거같아여"
2022-02-09 16:45:52,"Min","부트캠프+인강+토이프로젝트합니단"
2022-02-09 16:45:52,"초롱초롱 튜브","잘 들어가면 공기업아니면 공사니까"
2022-02-09 16:45:59,"운동하는 라이언","서울로 ㄱㄱ~"
2022-02-09 16:46:09,"초롱초롱 튜브","어디 부트캠프하셨나요?"
2022-02-09 16:46:29,"초롱초롱 튜브","토이프로젝트는 어떤 식으로 하세요?"
2022-02-09 16:46:33,"Min","지금하고 있고"
2022-02-09 16:46:39,"Min","온라인으로하구요"
2022-02-09 16:46:45,"Min","토이는 아는 사람들이랑 해요"
2022-02-09 17:10:27,"안심역","프론트는 서울 갈수밖에없죠"
2022-02-09 17:12:06,"초롱초롱 튜브","엔지니어나 전산직은 지방에 많아요"
2022-02-09 17:12:15,"초롱초롱 튜브","백엔드도 서울가야 해여"
2022-02-09 17:17:19,"파린이의모험","ㅠㅠ 연봉차이 때문에"
2022-02-09 17:17:23,"파린이의모험","다들 서울로.."
2022-02-09 17:26:39,"초롱초롱 튜브","연봉, 인프라, 인맥, 행사, 회사 모든 것이 서울이 우수하죠."
2022-02-09 17:56:44,"쓔느님","이모티콘"
2022-02-09 17:56:56,"쓔느님","새침한 서울 새럼이 되고싶어유"
2022-02-09 18:13:33,"Min","Min님이 나갔습니다."
2022-02-09 18:16:59,"리듬타는 제이지","리듬타는 제이지님이 나갔습니다."
2022-02-09 19:25:59,"쓔느님","그렇다고 다들 나가실건 없잖아유"
2022-02-09 20:05:41,"이재훈","흑 ㅜ"
2022-02-09 22:23:04,"마이크를 먹는 라이언","전 주로 인강이에용"
2022-02-10 09:38:00,"희표/시지","프로그래머스 사이트에 코테 다른사람풀이 아이디가 마스킹되어버렸네요;"
2022-02-10 09:38:53,"희표/시지","사진"
2022-02-10 09:39:42,"희표/시지","선착순으로 이름 남기는거 하는재미로  했었는데 이제 몬할듯요"
2022-02-10 09:42:17,"쓔느님","강아지가 아주 보들보들해보이네염.."
2022-02-10 09:43:08,"쓔느님","이모티콘"
2022-02-10 09:43:17,"쓔느님","천재들의 리그인가유"
2022-02-10 09:43:55,"희표/시지","천재들은 알고리즘 4,5단계 푼사람들이지 않을까요?? ㅎㅎ"
2022-02-10 09:44:24,"초롱초롱 튜브","알고리즘 공부는 어떤 식으로 시작해야 하나요?"
2022-02-10 09:44:42,"희표/시지","단계별로 풀어보시는거 추천드립니다"
2022-02-10 09:46:30,"희표/시지","저는 다른사람 코드 참고하는거는 별로 도움안되는거 같습니다 코드를 보더라도 로직만 빨리 캐치하는게 맞는거 같아요"
2022-02-10 09:54:25,"안뇽","음"
2022-02-10 09:54:33,"안뇽","제가웹팩대해서 찾아보다가"
2022-02-10 09:54:38,"안뇽","궁금한게있는데"
2022-02-10 09:54:57,"안뇽","리엑트나 뷰 이런프레임워크들은 웹팩을 따로 설정을 안 해줘도 된다고 하더라구요?"
2022-02-10 09:55:13,"안뇽","그럼 express는 할때마다 설정을 계속 해줘야하나요?"
2022-02-10 14:20:46,"라이언","create-react-app 써서 리액트 앱 만들었으면 웹팩 설정을 내부적으로 알아서 해줘서 안해도 되는 거에요 뷰도 마찬가지일거구요"
2022-02-10 14:21:07,"라이언","웹팩이 언제 필요한지 먼저 공부해보시면 될 것 같습니다"
2022-02-10 14:21:28,"라이언","웹팩 없어도 다 쓸 순 있죠. 엄청 불편해서 문제지"
2022-02-10 15:23:34,"이재훈","코딩수학 , 코딩영어"
2022-02-10 15:23:40,"이재훈","혹시 자료 있으신분 계신가요"
2022-02-10 15:25:22,"k","혹시 전자쪽 있으신가요"
2022-02-10 15:26:48,"운동하는 라이언","이산수학 정도면 괜찮을거같네요 영어는 그냥 공부하시면 되고"
2022-02-10 15:27:06,"운동하는 라이언","나중에 분야마다 필요한 수학은 다르니 그때 공부하시면 될거같네요"
2022-02-10 15:29:08,"이재훈","아하 그럼"
2022-02-10 15:29:14,"이재훈","지금은 상관없고 그때그때 공부하면 될까요?"
2022-02-10 15:29:19,"이재훈","아니면 미리 준비해야할 기초적인게 있을까요"
2022-02-10 15:30:23,"운동하는 라이언","네네 수학적 지식이 필요하다기보단 문제 해결하는 사고력이 중요할거같 네요"
2022-02-10 15:30:47,"이재훈","사고력!."
2022-02-10 16:24:51,"안뇽","ㅎㅎㅎㅎ넵 감사합니다!"
2022-02-11 11:52:12,"쓔느님","이거 어캐 풀는건가유..."
2022-02-11 11:52:16,"쓔느님","이모티콘"
2022-02-11 11:54:25,"쓔느님","앗 로그인 안해서 그런가봐유"
2022-02-11 11:56:25,"운동하는 라이언","네~ 구글에 치시면 시작하는법 많이 나올거에요"
2022-02-11 12:02:35,"쓔느님","후헝 넴 ㅠㅠㅠ"
2022-02-11 16:53:37,"초롱초롱 네오","초롱초롱 네오님이 나갔습니다."
2022-02-11 21:41:32,"안뇽","저 질문이있는데요.."
2022-02-11 21:41:33,"안뇽","Only named blocks and mixins can appear at the top level of an extending template"
2022-02-11 21:41:44,"안뇽","제가 게시물 있는것을 검색하면 저런 에러가 뜨고"
2022-02-11 21:41:58,"안뇽","게시물없는거 검색하면 저런에러 안뜨고 그냥 원래대로 실행이되는데"
2022-02-11 21:42:01,"안뇽","번역해보니깐"
2022-02-11 21:42:16,"안뇽","확장 템플릿의 최상위 레벨에는 블록과 믹스인만 나타날 수 있습니다."
2022-02-11 21:42:24,"안뇽","요소때문에 안나온다는건가요??"
2022-02-11 21:45:11,"쓔느님","감사해용 덕분에 잘하고 있네염"
2022-02-11 21:45:22,"쓔느님","이모티콘"
2022-02-11 21:45:57,"안뇽","…..."
2022-02-11 21:45:59,"안뇽","bbbb"
2022-02-11 21:46:00,"안뇽","ㅠㅠㅠㅠ"
2022-02-11 21:46:16,"안뇽","프론트쪽만 하면 거의 95프로 완성한건데 ㅠㅠㅠㅠㅠ"
2022-02-11 21:46:32,"쓔느님","ㅠㅠㅠ 잘 몰라서 말씀 못드리네유 죄송해유 😢"
2022-02-11 21:46:40,"안뇽","ㅠㅠ아닙니다..."
2022-02-11 21:46:43,"안뇽","제가알아야하는건데 ㅠㅠㅠㅠ"
2022-02-11 21:46:57,"쓔느님","95프로라니 대단하셔유!!"
2022-02-11 21:46:59,"안뇽","전 프론트쪽은 진짜로 소질이없는거같아욬ㅋㅋㅋㅋㅋㅋㅋㅋ"
2022-02-11 21:47:06,"안뇽","쓔느님"
2022-02-11 21:47:14,"안뇽","그 만약에 중고거래사이트를 만든다고 할 때"
2022-02-11 21:47:15,"안뇽","ㄷ자인을"
2022-02-11 21:47:21,"안뇽","디자인을 유튜브처럼 어둡게하는건 별로겟죠?"
2022-02-11 21:47:29,"쓔느님","호옹"
2022-02-11 21:47:38,"안뇽","바타을 검정색으로하고 글씨를 다 흰색으로 하는게 전 제일 깔금하고 좋다고 생각했거든용"
2022-02-11 21:47:39,"쓔느님","한번 어둡게 해서 보여주세염..?!"
2022-02-11 21:47:50,"안뇽","ㅋㅋㅋ잠시만요!"
2022-02-11 21:47:55,"쓔느님","보여주셔유 투표해봅시다앙"
2022-02-11 21:48:20,"안뇽","사진"
2022-02-11 21:48:24,"안뇽","일단 이게홈이에요"
2022-02-11 21:48:25,"안뇽","제가 방금"
2022-02-11 21:48:29,"안뇽","사진은 다 삭제햇는데"
2022-02-11 21:48:37,"안뇽","ㅋㅋㅋㅋ아무 사진올렸는데 저희집 사진을올려서 ㅋㅋㅋㅋ"
2022-02-11 21:48:40,"안뇽","삭제해거든요"
2022-02-11 21:48:42,"안뇽","그리고"
2022-02-11 21:48:45,"안뇽","로그인이랑 다른거보여드릴게요"
2022-02-11 21:48:56,"안뇽","사진"
2022-02-11 21:49:09,"안뇽","사진"
2022-02-11 21:49:20,"안뇽","사진"
2022-02-11 21:49:29,"안뇽","사진"
2022-02-11 21:49:37,"쓔느님","호오"
2022-02-11 21:49:40,"안뇽","지금 뵈니깐 search 부분에 이미지가 잘 안맞네요 ㅋㅋㅋ"
2022-02-11 21:49:51,"안뇽","버튼을 옆으로 좀 옮겨야할듯"
2022-02-11 21:50:08,"안뇽","근데 지금은 중고거래 사이트처럼은 안보이지않아요?"
2022-02-11 21:50:15,"쓔느님","중고마켓이다 보니 그 중고품 사진들이랑 검은 배경이 잘어울리는지 컨샙이랑 잘어울리는지 봐야할거같아유"
2022-02-11 21:50:29,"안뇽","음.."
2022-02-11 21:50:30,"안뇽","근데"
2022-02-11 21:50:36,"안뇽","중고거래사이트 대표적으로"
2022-02-11 21:50:42,"안뇽","중고나라 번개장터 ㄴ당근마켓"
2022-02-11 21:50:44,"쓔느님","지금은 그.. 잘모르겠어유!!"
2022-02-11 21:50:46,"안뇽","이것들이잖아요!"
2022-02-11 21:50:50,"쓔느님","마자염"
2022-02-11 21:50:56,"안뇽","다 보면 일단 바탕은 다 흰색이고"
2022-02-11 21:50:59,"쓔느님","번개장터 당근마켓 좋아해유"
2022-02-11 21:51:09,"안뇽","폰트색도 밝은색ㅇㅣ에요!"
2022-02-11 21:51:18,"안뇽","근데 다른느낌으로 할려고했는데"
2022-02-11 21:51:20,"안뇽","ㅋㅋㅋㅋㅋ이렇게되버렷네요"
2022-02-11 21:51:33,"쓔느님","몬가 세련된 느낌 추구하셨나유?"
2022-02-11 21:51:38,"안뇽","음…."
2022-02-11 21:51:43,"안뇽","세련된느낌은아니요.."
2022-02-11 21:51:54,"안뇽","일단 뭐 수정한다고하면 컬러만 다 바꿔주면 될거같은데"
2022-02-11 21:52:01,"쓔느님","이모티콘"
2022-02-11 21:52:13,"안뇽","ㅇㅅㅇ…."
2022-02-11 21:52:17,"안뇽","일단 음..."
2022-02-11 21:52:21,"안뇽","다시해보고올게요 ㅋㅋㅋ;;;"
2022-02-11 21:52:24,"쓔느님","디자이너분들 계신 방 가시면 뭔가 더 디테일하게 피드백 해주실거같아유!!"
2022-02-11 21:52:30,"쓔느님","네넴!! 화이팅!!"
2022-02-11 21:52:32,"안뇽","으히힣 네 감사합니다 !"
2022-02-11 21:52:35,"쓔느님","이모티콘"
2022-02-11 21:53:07,"쓔느님","전 핑쿠핑쿠 커여운거 만들고 싶네유"
2022-02-11 21:54:55,"안뇽","쓔느님은 어떤거 공부하셔요?"
2022-02-11 21:55:53,"쓔느님","자바의 정석이유!!"
2022-02-11 21:56:22,"쓔느님","아주 허접한 초보랍니당..! 오랜만에 공부하니 어설프네유.."
2022-02-11 21:57:04,"안뇽","아하 ㅠㅠㅠ 자바 힘드시겟어요"
2022-02-11 21:57:41,"쓔느님","안쓰던 머리 써서 잘모르겠긴한데.. 그래도 재밌어유!!"
2022-02-11 21:57:56,"긍정승정","다들 한 주 도 고생하셨어요!!"
2022-02-11 21:57:59,"긍정승정","이모티콘"
2022-02-11 21:58:25,"쓔느님","고생하셨뜹니당"
2022-02-11 22:00:01,"파린이의모험","파이팅입니다"
2022-02-11 22:00:10,"파린이의모험","오늘도 파이썬 끄적거렸네요"
2022-02-11 22:00:38,"파린이의모험","안뇽님 껍데기는 너무 신경 쓰지 마시고 영 어려우면 템플릿 오픈소스 받아서 쓰세요 ㅋㅋ"
2022-02-11 22:01:06,"파린이의모험","아니면 디자인 돈 주고 사셔고 되고... (심각) 저렴하게 파는게 있답니당"
2022-02-11 22:02:04,"긍정승정","저는"
2022-02-11 22:02:07,"긍정승정","핀터레스트에서"
2022-02-11 22:02:09,"긍정승정","디자인 보고"
2022-02-11 22:02:17,"긍정승정","아니면 그냥 어플 같은거 보면서 참고하느라.."
2022-02-11 22:02:38,"긍정승정","웹도 그냥 사람들이 어떻게 배치하고 짜는지 구경하시면 더 좋을거에요!"
2022-02-11 22:06:29,"k","k님이 나갔습니다."
2022-02-11 22:32:51,"안심역","흰색/검정은 요즘 브라우저에서 다크테마 같은걸로 바꾸기 때문에 사이트 자체에서 검정을 백그라운드로 까는건 별로인것같아요"
2022-02-11 22:33:57,"안심역","프론트로 가실거아니면 부트스트랩같은거써도 되죠"
2022-02-11 22:36:17,"안뇽","그쵸 프론트쪽 공부도 할겸 해본거라..ㅠㅠ"
2022-02-11 22:51:47,"안심역","혹시 SQL P 준비하시는분은 없으시죠..?"
2022-02-11 22:52:10,"안뇽","자격증이요???ㅔ"
2022-02-11 23:02:22,"불나게 일하는 네오","sql 배우고 싶긴하네요 ㅠ"
2022-02-11 23:03:01,"파린이의모험","흠.. 그 자격증.. 따는 이유가 있으신가요"
2022-02-11 23:24:57,"긍정승정","Sqld 욤?"
2022-02-11 23:25:47,"쓔느님","Squid욤?"
2022-02-11 23:25:58,"쓔느님","이모티콘"
2022-02-11 23:33:24,"안심역","D말고 P요ㅎ D는 너무 쉬운느낌이라"
2022-02-12 07:46:27,"긍정승정","아항"
2022-02-12 13:20:00,"이재훈","혹시 대구에 비염수술 잘 하는 곳 아시는분 계세요?"
2022-02-12 13:20:52,"긍정승정","라식 라섹은 아는데.."
2022-02-12 13:21:21,"마이크를 먹는 라이언","치과는아는데.."
2022-02-12 13:24:02,"쓔느님","비염 고통스럽쥬.."
2022-02-12 13:24:16,"쓔느님","마스크 끼고 주무셔보셨나유.. 답답하긴 한데 나아지더라구여"
2022-02-12 13:24:22,"쓔느님","유산균 많이 드시구.."
2022-02-12 13:25:24,"초롱초롱 튜브","비염 평생 같이 살아야 해여 ㅋㅋ"
2022-02-12 13:26:01,"운동하는 라이언","운동하는 라이언님이 나갔습니다."
2022-02-12 13:32:22,"쓔느님","이모티콘"
2022-02-12 13:32:37,"이재훈","비중격만곡증이라 수술할 계획이에용 ㅎㅎ"
2022-02-12 13:32:49,"쓔느님","어릴때 코 맞아서 삐뚤어졌는데 그때부터 비염생긴거같아유"
2022-02-12 15:10:41,"피자 먹다 자는 무지","수술해도 일부는 다시 돌아오거나 똑같다는 말도 있던데.. 저도 비중격만곡증으로 두통 달고 사는데 부작용때문에 수술은 아직까지 고민이에요"
2022-02-12 15:22:47,"zeta","저도 비염 수술했었는데 코뼈 깎아냈었는데 그 당시에는 정말 힘들었었어요.
 
코피랑 콧물 땜에 한달간 코 틀어막고 있어야하고 엄청 힘들어요.
 
좀 개선되긴하는데 의사선생님하고 상담 잘 해보시고 결정하세요.
 
저 같은 경우는 콧물 자체도 많고 코 비강도 좁고해서 코가 너무 막혀서 거의 10 년전쯤 수술했었는데 도움이 되긴했었네요.
 
의외로 나름 큰 수술이예요.
코 부분 마취하고 코 뼈를 망치같은걸로 막 깎아내는데 골이 다 띵해요... 무서운 수술임..^^;;"
2022-02-12 15:23:56,"쓔느님","헐퀴 코뼈"
2022-02-12 15:24:39,"쓔느님","무섭습니다.. 코가 커서 뼈 촘 없어져도 될거같긴하지만.. 매우 무섭쿤여"
2022-02-12 15:32:50,"zeta","이 이야기를 안듣고 하는게 덜 무서울수도 아니면 안듣고 하면 한 켠으로는 그 순간 짜릿한 기분을 더 리얼하고 생생하게 체험하실(?) 수 있을수도 있구요 
... ㅎㅎ

아무튼 의사 선생님하고 잘 상담을.."
2022-02-12 15:37:31,"피자 먹다 자는 무지","수술하시고 새로운 삶을 얻으셨나요??"
2022-02-12 15:38:43,"쓔느님","근데 비염생기면 숨을 못쉬어서 치매도 더 잘걸리구 우울증도 걸린다니 효과 확실하면 수술하시는것도 좋을고같아여"
2022-02-12 15:42:41,"zeta","그 정도 까진 아니구요 ㅎㅎ...

그냥 예전에 비해서 코 풀면 잘 빠진다??

그 정도요???

제 생각엔 운동을 규칙적으로 해서 체질 개선하는게 더 도움된 것도 같아요 ㅎㅎ;;;

살이찌면 코 안에 비강도 좁아진다는 것 같더라구요."
2022-02-12 15:44:20,"쓔느님","콧살..☆"
2022-02-12 15:51:25,"피자 먹다 자는 무지","그렇군여.."
2022-02-12 18:23:40,"이재훈","과식하는 습관에서 소식으로만 바꿔도"
2022-02-12 18:23:51,"이재훈","도움될듯한데 수술이랑 병행 해보려구요 히히"
2022-02-12 19:27:41,"안뇽","wj..."
2022-02-12 19:27:42,"안뇽","wj..."
2022-02-12 19:27:46,"안뇽","저"
2022-02-12 19:27:47,"안뇽","이거 너무 간단한 질문이긴한데"
2022-02-12 19:28:04,"안뇽","음 제가 다른 파일에있는 사진을 불러올려고하는데"
2022-02-12 19:28:06,"안뇽","예를들어.."
2022-02-12 19:28:20,"안뇽","src 폴더안에 componentes 폴더랑 img폴더 2개가있어요"
2022-02-12 19:28:25,"안뇽","그리고"
2022-02-12 19:28:39,"안뇽","components 폴더안에 1.html이 있고"
2022-02-12 19:28:47,"안뇽","img파일에 1.png파일이있는데"
2022-02-12 19:28:54,"안뇽","1.html에서 1.png파일 불러올려고하면"
2022-02-12 19:29:06,"안뇽","../img/1.png"
2022-02-12 19:29:11,"안뇽","경로 이거 맞지않아요??"
2022-02-12 19:29:41,"안뇽","src -> components / img"
2022-02-12 19:31:46,"hira","hira님이 나갔습니다."
2022-02-12 20:09:32,"라이언","html에서 바로 불러올려면 public 폴더에 이미지 넣어야돼요"
2022-02-12 20:09:40,"라이언","react맞죠?"
2022-02-12 20:25:35,"파린이의모험","상대경로는 맞는데.."
2022-02-12 20:26:36,"파린이의모험","html파일 경로 한번 찍어보시고..
../로 경로변경한거 변수에 담에 한번 찍어보세요"
2022-02-12 20:26:50,"파린이의모험","상대경로 허용 안하게 하는 설정도 있던걸로 기억하는데 그거 구글링 ㄱ"
2022-02-12 20:28:18,"파린이의모험","마지막 필살기는 절대경로.. (흑흑)"
2022-02-13 00:47:57,"안심역","상대경로 쓰면, 프로젝트가 커지면 관리하기 힘들어지던데요"
2022-02-13 00:56:27,"안뇽","ㅠㅠㅠ"
2022-02-13 00:56:31,"안뇽","다른방법으로 해결했ㅅ어용"
2022-02-13 01:11:48,"코코코코","코코코코님이 들어왔습니다."
2022-02-13 01:12:03,"코코코코","코코코코님이 나갔습니다."
2022-02-13 22:42:57,"눈빛 애교 어피치","눈빛 애교 어피치님이 나갔습니다."
2022-02-14 11:12:43,"안뇽","안녕하세융"
2022-02-14 11:12:47,"안뇽","회사지원할 때"
2022-02-14 11:12:54,"안뇽","포폴제출할 때 피피티로 만들어서 제출해도 괜찮을까요??"
2022-02-14 11:13:44,"안심역","피피티좋죠"
2022-02-14 11:15:38,"안뇽","아 피피티로 만들어도 괜찮아요??"
2022-02-14 11:16:40,"긍정승정","Pdf 가 낫지않나욤 ㅇㅁㅇ"
2022-02-14 11:16:42,"안심역","pdf 나 ppt 둘다 좋다고 생각해요 어떤거랑 고민이시길래?"
2022-02-14 11:17:16,"안뇽","아 음..."
2022-02-14 11:17:20,"안뇽","전 제 사이트를 소개하고싶은데"
2022-02-14 11:17:23,"안뇽","제가만들었는거를"
2022-02-14 11:17:28,"안뇽","그럼 그걸 피피티로 사진으로 보여주면서"
2022-02-14 11:17:35,"안뇽","설명을할려고하는데요"
2022-02-14 11:17:42,"안뇽","코드도 같이 피피티에"
2022-02-14 11:17:51,"안뇽","부분마다 코드를 다 보여줘야하는가싶어서요!"
2022-02-14 11:18:14,"안심역","핵심적인 코드들은 넣어주면 좋을 것 같구요"
2022-02-14 11:18:38,"안심역","일반적으로 쓰이는 것들은 넣을 필요 없을 것 같아요"
2022-02-14 11:18:47,"안뇽","아 그렇ㄱㅜㄴ요"
2022-02-14 11:18:50,"안뇽","알겠습니다 감사합니다 ㅎㅎㅎ"
2022-02-14 11:18:53,"안뇽","이제야 좀 감이 잡히네요 ㅎㅎ"
2022-02-14 11:20:27,"긍정승정","아니묜"
2022-02-14 11:20:32,"긍정승정","Pdf 에다가 하시구"
2022-02-14 11:20:36,"긍정승정","사이트 링크 하셔서"
2022-02-14 11:20:44,"긍정승정","가셔서 설명하셔두돠죵!"
2022-02-14 11:22:18,"안뇽","앟ㅎㅎㅎ네네"
2022-02-14 11:22:19,"안심역","사이트 링크는 저는 반대하는 입장이에요 - 면접관 입장에서 면접보는 분들거 사이트 하나씩 들어가서 꼼꼼히 보지 않을것 같아요"
2022-02-14 11:22:28,"안뇽","사이트링크는 따루없눈데"
2022-02-14 11:22:29,"안뇽","음"
2022-02-14 11:22:31,"안뇽","그럼일단은"
2022-02-14 11:22:33,"안뇽","피피티"
2022-02-14 11:22:34,"안뇽","만들어서"
2022-02-14 11:22:37,"안뇽","이렇게할경우엔"
2022-02-14 11:22:41,"안뇽","사이트에서 이런 반응을하고"
2022-02-14 11:22:43,"안뇽","뭐 그런걸"
2022-02-14 11:22:46,"안뇽","설명을 간단하게 적어가면서"
2022-02-14 11:22:49,"안뇽","하면될거같아요"
2022-02-14 11:22:52,"안뇽","무슨 언어를 사용했는지 …"
2022-02-14 11:22:59,"안뇽","프레임워크는 뭐 디비는 뭐 사여ㅛㅇ했다고만"
2022-02-14 11:23:04,"안뇽","적고 일단 제출해봐야겟네요"
2022-02-14 11:23:25,"안심역","화팅 !"
2022-02-14 11:30:39,"라이언","전 링크 찬성이에요
배포도 안된 서비스를 오히려 면접관은 보고싶지 않아할 것 같아요"
2022-02-14 11:31:44,"안뇽","음"
2022-02-14 11:31:47,"안뇽","그럼 제가만든…"
2022-02-14 11:31:53,"파린이의모험","흠 포폴 기준은 정확히 모르겠으나
코드를 넣기에는 무리가 아닐까요
개발환경 사용언어 어떤 기능을 개발했는지 적으면 될거 같아요"
2022-02-14 11:31:54,"안뇽","사이트를 링크를 어떻게 하면 걸 수 있을까요 ㅠㅠ"
2022-02-14 11:32:03,"라이언","서버있나요?"
2022-02-14 11:32:25,"라이언","있으면 heroku 로 배포하는 거 찾아보시고 
없이 프론트만 있으면 github pages로 쉽게 배포할 수 있어요"
2022-02-14 11:32:32,"안뇽","서버있어용"
2022-02-14 11:34:01,"라이언","헤로쿠로 배포해보세요 무료고 쉬우니
AWS EC2에 올리는게 포트폴리오관점에선 가장 좋아보이는데 처음하면 어려울 수도 있으니 고민해보세요"
2022-02-14 11:34:32,"안뇽","네네 감사합니다 !!!"
2022-02-14 11:35:34,"안심역","링크도 첨부하고, pdf도 준비하는게 좋을 것 같네요"
